Aachener Tafel e.V.Clermontstraße 10 52066 Aachen ,info@aachener-tafel.de,www.aachener-tafel.de
Aalener Tafel - Kocherladen e.V.Bahnhofstr. 55 73430 Aalen ,kocherladen@web.de,www.evangelische-kirchengemeinde-aalen.de/html/kocherladen_e_v_.html
Abensberger Tafel e.V.1 Bad Gögginger Weg 22 93326 Abensberg ,rudolf.buchner@me.com,http://www.abensberg-tafel.de
Achentaler TafelLoitshauser Str. 14 8325 Marquartstein ,diakonie-marquartstein@web.de,
Acherner TafelRosenstr. 18 7785 Achern ,hoffmann@caritas-acher-renchtal.de,www.caritas-acher-renchtal.de/28582.html
Achimer Tafel e.V.Unterstraße 9 28832 Achim ,info@achimer-tafel.de,www.achimer-tafel.de
Ahauser Tafel1 Schloßstraße 16 48683 Ahaus ,info@skf-ahaus-vreden.de,
Ahrensböker Tafel e. V.1 Bökenbarg 15 23623 Ahrensbök ,info@ahrensboeker-tafel.de,
Ahrensburger Tafel e.V.1 Bei der Alten Kate 1 22926 Ahrensburg ,ahrensburgertafel@t-online.de,www.ahrensburger-tafel.de
Ahrweiler TafelBahnhofstr. 5 5347 Bad Neuenahr-Ahrweiler ,info@caritas-ahrweiler.de,www.caritas-ahrweiler.de
Aichacher TafelBahnhofstraße 28 86551 Aichach ,britta.sprenger@caritas-aichach-friedberg.de,
Aischgründer TafelAnsbacher Str. 6 91413 Neustadt an der Aisch ,isswas@t-online.de
Albersdorfer Tafel1 Süderstraße 9 25767 Albersdorf ,olaf.schulz1@yahoo.de,
Albstädter TafelBrühlstraße 7 72458 Albstadt-Ebingen ,tafel@caritas-schwarzwald-alb-donau.de,
Alfelder Tafel e. V.1 Holzer Str. 2 - 4 31061 Alfeld ,info@alfelder-tafel.de,www.alfelder-tafel.de
Alsfelder Tafel e.V.1 Georg-Dietrich-Bücking-Str. 20 36304 Alsfeld ,mail@tafel-alsfeld.de; mathias.koehl@tafel-alsfed.de,www.tafel-alsfeld.de
Altenkirchener TafelRathausstr. 5 57610 Altenkirchen ,info@altenkirchener-tafel.de,www.altenkirchener-tafel.de
Altentreptower Tafel1 Rathausstr. 2 17087 Altentreptow ,geschaeftsleitung-tg@volkssolidaritaet-kv-demmin.de,
Alzeyer Tafel e.V.Friedrichstraße 3 55232 Alzey ,info@alzeyer-tafel.de,www.alzeyer-tafel.de
Amberger Tafel e. V.Sulzbacher Straße 15a 92224 Amberg ,amberger-tafel@web.de,amberger-tafel.de
Angermünder Tafel1 Berliner Str. 45 16278 Angermünde ,tafel-angermuende.nbrb@johanniter.de,www.johanniter.de/bb
Anklamer TafelReeperstieg 7 17389 Anklam ,info@sozialarbeit-vorpommern.de,www.sozialarbeit-vorpommern.de
Annaberg-Buchholzer TafelAlte Poststraße 1a 09456 Annaberg-Buchholz ,malteser-tafel-annaberg@web.de,www.malteser-annaberg.de
Ansbacher TafelKarolinenstraße 29 91522 Ansbach ,info@diakonie-ansbach.de,www.diakonie-ansbach.de
Apoldaer Tafel1 Weimarische Straße 5 99510 Apolda ,tafel.apolda@googlemail.com,www.diakonie-apolda.de
Arnsberger Tafel e. V.Möhnestr. 35 59755 Arnsberg ,gisela@cloer-wzb.de,www.arnsberger-tafel.de
Arnstädter Tafel e.V.Neue Gasse 1 99310 Arnstadt ,Arnstaedter-Tafel.e.v.@t-online.de,www.arnstaedter-tafel.de
Arnstorfer TafelBahnhofstr. 29 94424 Arnstorf ,arnstorfer.tafel@lindner-group.com,
Arterner TafelLange Hohle 3 06556 Artern ,talisa-artern@t-online.de,
Arzberger TafelHans-Steurer-Str. 20 95659 Arzberg ,vorstand@awo-arzberg.de,
Asbacher Tafel e.V,1 Bahnhofstraße 27 53567 Asbach ,bgrendel@rz-online.de,
Ascheberger Tafel e. V.1 Rheinsbergring 13 59387 Ascheberg ,martin.hoerster@t-online.de,www.ascheberger-tafel.de
Aßlinger Tafel e. V.Mitterweg 18 85617 Aßling ,Asslinger-Tafel@gmx.de,www.sozialforum-bayern.de/asslinger-tafel
Attendorner TafelWestwall 55 57439 Attendorn ,evangelisch-attendorn@t-online.de,
Auer Tafel e. V.Mittlerer Hang 6 08107 Hartmannsdorf ,s.rudolf@freenet.de,
Augsburger Tafel e.V.1 Hirtenmahdweg 8 86154 Augsburg ,info@augsburger-tafel.de,www.augsburger-tafel.de
Auricher TafelJulianenburger Str. 11 26603 Aurich ,auricher.tafel@ewetel.net,www.diakonie-aurich.de
Backnanger TafelTheodor-Körner-Straße 1 71522 Backnang ,sowas@kinderundjugendhilfe-bk.de,www.sowas-bk.de
Bad Aiblinger TafelRosenheimer Straße 41 83043 Bad Aibling ,info@aiblinger-tafel.de,www.aiblinger-tafel.de
Bad Arolser Tafel1 Teichstr. 1 34454 Bad Arolsen ,hoos-vermeil@ekkw.de,
Bad Berleburg-Erndtebrücker Tafel e. V.Schützenstr. 4 57319 Bad Berleburg ,thomas-doerr@diakonie-wittgenstein.de,www.bad-berleburg-erndtebrücker-tafel.de
Bad Bramstedter Tafel e. V.Kantstr. 46 24576 Bad Bramstedt ,info@badbramstedtertafel.de,www.badbramstedtertafel.de
Bad Cannstatter TafelBrückenstraße 1 70376 Stuttgart ,mail@stuttgarter-tafel.de,www.schwaebische-tafel-stuttgart.de
Bad Dürkheimer Tafel e. V.1 Gaustraße 60 67098 Bad Dürkheim ,Bad-Duerkheimer-Tafel@gmx.de,
Bad Friedrichshaller TafelHauptstr. 27 74177 Bad Friedrichshall ,tafel@diakonie-heilbronn.de,www.diakonie-heilbronn.de
Bad Gandersheimer TafelHennebergstraße 12 37581 Bad Gandersheim ,tafel-badgan@gmx.de,
Bad Hersfelder TafelHeinrich-Börner-Str. 10 36251 Bad Hersfeld ,tafel-hef@web.de,www.tafel-hef.de
Bad Homburger TafelHeuchelheimer Str. 20 61348 Bad Homburg ,tafel@diakonie-htk.de,www.bad-homburger-tafel.de
Bad Honnefer Tafel1 Kirchplatz 2 53604 Bad Honnef ,peter.sieler@awo-bonn-rhein-sieg.de,www.awo-bonn-rhein-sieg.de
Bad Kötztinger Tafel e. V.Bahnhofstr. 9 93444 Bad Kötzting ,marlies2002@t-online.de,
Bad Kreuznacher TafelBaumgartenstraße 5 55543 Bad Kreuznach ,bad-kreuznacher-tafel@treffpunkt-reling.de,www.treffpunkt-reling.de
Bad Langensalzaer Tafel1 Lange Str. 27 99947 Bad Langensalza ,talisalgs@t-online.de,
Bad Liebenwerdaer TafelRiesaer Straße 14 04924 Bad Liebenwerda ,tafel-badliebenwerdaer@alv-brandenburg.de,www.badliebenwerda.de/alv
Bad Mergentheimer TafelKrumme Gasse 20 97980 Bad Mergentheim ,bad-mergentheimer-tafel@diakonie-tbb.de,www.diakonie-tbb.de
Bad Münstereifeler Tafel e.V.Mühlengasse 10 53902 Bad Münstereifel-Iversheim ,tafel-bam@gmx.de,
Bad Neustädter Tafel e.V.Mühlbacher Straße 16 97616 Bad Neustadt ,sylvia-bieber@t-online.de,www.tafel-nes.de
Bad Oeynhausener TafelElisabethstr. 7 32545 Bad Oeynhausen ,L.Wittkowski@diakonie-vlotho.de,www.diakonie-vlotho.de
Bad Pyrmonter Tafel e.V.1 Schellenstr. 31 31812 Bad Pyrmont ,tafel-badpyrmont@kabelmail.de,
Bad Reichenhaller Tafel e. V.Tirolerstraße 17 83435 Bad Reichenhall ,tafel.reichenhall@mail-buero.de,
Bad Sachsaer Tafel e.V.Kirchstraße 20 37441 Bad Sachsa ,tafelbs@t-online.de,
Bad Säckinger TafelHildastr. 1 79713 Bad Säckingen ,p.lohmann@caritas-hochrhein.de; e.schwarz@caritas-hochrhein.de,www.caritas-hochrhein.de/s_tafelladen.htm
Bad Salzufler Tafel e. V.Oerlinghauser Str. 26 32108 Bad Salzuflen ,,www.badsalzufler-tafel.de
Bad Saulgauer TafelBachstr. 23 88248 Bad Saulgau ,bad-saulgauer-tafel@kv-sigmaringen.de,www.kv-sigmaringen.drk.de
Bad Schönborner Tafel1 Rochusstr. 12 76669 Bad Schönborn ,tafelladen@caritas-bruchsal.de,www.caritas-bruchsal.de
Bad Schussenrieder TafelBiberacher Str. 4 88427 Bad Schussenried ,tafel-bad-schussenried@gmx.de,
Bad Schwalbacher-Taunussteiner TafelGartenfeldstr. 15 65307 Bad Schwalbach ,tafel@dwrt.de,www.dwrt.de
Bad Schwartauer TafelMühlenstr. 27 23611 Bad Schwartau ,mwitt@t-online.de,
Bad Suderoder Tafel1 Ellernstr. 18 06507 Bad Suderode ,harzertafel@awo-harz.de,
Bad Sülzer Tafel e. V.Kastanienallee 10 18334 Bad Sülze ,,
Bad Uracher TafelPfählerstr. 5 72574 Bad Urach ,Susanne.Schur@kirche-reutlingen.de,
Bad Vilbeler TafelRitterstraße 34 61118 Bad Vilbel ,vfse@gmx.de,www.bad-vilbel.de/nachbarschaftshilfe/
Bad Wildunger TafelBahnhofstraße 15 Eingang: Königsquellenweg 34537 Bad Wildungen ,info@bad-wildunger-tafel.de,www.bad-wildunger-tafel.de
Bad Wörishofer Tafel e. V.Stadionring 19 86825 Bad Wörishofen ,tafel-westphal@web.de,www.bad-woerishofer-tafel.de
Bad Wurzacher Tafel1 Oberriedstr. 10 88410 Bad Wurzach ,pfeffer.s@caritas-bodensee-oberschwaben.de,
Baden-Badener TafelGeroldsauer Strasse 2 Caritaszentrum Cäcilienberg 76534 Baden-Baden ,tafel@caritas-baden-baden.de,www.caritas-baden-baden.de
Baesweiler Tafel e.V.1 Jülicherstrasse 94 52499 Baesweiler ,wfeldeisen@web.de,
Balinger Tafel1 Olgastraße 8-10 72336 Balingen ,info@balingertafel.de,www.tafel-balingen.de
Ballenstedter Tafel1 Am Anger 06493 Ballenstedt ,harzertafel@awo-harz.de,
Bamberger Tafel e. V.1 Dieselstr. 11 96052 Bamberg ,info@bamberger-tafel.de,www.bamberger-tafel.de
Barsbütteler Tafel e.V.1 Am Akku 1 22885 Barsbüttel ,Barsbuetteler-Tafel@web.de,
Barsinghäuser TafelLangenäcker 46 30890 Barsinghausen ,hp.rogge@t-online.de,www.awo-Barsinghausen.de
Barther Tafel e.V.Sundische Str. 123 18356 Barth ,,
Bassumer Tafel1 Eschenhäuser Str. 9 27211 Bassum ,hartmut.stolte@online.de,
Baumholderer TafelGrünbacherweg 55774 Baumholder ,baumholderer.tafel@t-online.de,www.evangelische-kirchengemeinde-baumholder.de
Baunataler-Schauenburger-Tafel e. V.1 Rembrandtstr. 6 34225 Baunatal ,info@baunataler-schauenburger-tafel.de,www.baunataler-schauenburger-tafel.de
Bautzener Tafel e. V.Fabrikstr. 50 02625 Bautzen ,bautzener-tafel@gmx.de,
Bayreuther Tafel e. V.1 Justus-Liebig-Str. 3 1/2 95445 Bayreuth ,info@bayreuther-tafel.de,www.bayreuther-tafel.de
Bebraer TafelIm Bilder 28 36179 Bebra ,tafel.bebra@ekkw.de,
Bedburger TafelFinkenweg 13 50181 Bedburg ,info@bedburger-tafel.de,www.bedburger-tafel.de
Beelitzer TafelBerliner Str. 27a 14547 Beelitz ,gabriela-schrader@web.de,
Beeskower TafelBadinkendorfer Straße 4a 15848 Beeskow ,beeskower@gefas-ev.de,www.gefas-ev.de
Beiertheimer TafelMarie-Alexandra-Str. 35 76135 Karlsruhe ,tafel@caritas-karlsruhe.de,www.caritas-karlsruhe.de
Beilngrieser TafelHauptstraße 49 92339 Beilngries ,beilngries@bistum-eichstaett.de,bistum-eichstaett.de
Belziger Tafel1 Hans-Marchwitza-Str. 1 14806 Belzig ,ase-luckenwalde@alv-brandenburg.de,
Bensheimer Tafel e. V.Marktplatz 10 64625 Bensheim ,mariette.rettig@gmx.de,www.bensheimer-tafel.de
Bentheimer Tafel e. V.1 Hilgenstiege 4 48455 Bad Bentheim ,bentheimer-tafel@t-online.de,
Berchtesgadener Tafel e. V.Rathausplatz 1 83471 Berchtesgaden ,weber@berchtesgadener-tafel.de,www.berchtesgadener-tafel.de
Bergedorfer Tafel e.V.Ladenbeker Furtweg 37 21033 Hamburg-Bergedorf ,info@bergedorfer-tafel.de,www.bergedorfer-tafel.de
Bergheimer Tafel e. V.1 Otto-Hahn-Straße 23 50126 Bergheim ,h.w.hader.bm@netcologne.de,
Bergisch Gladbacher Tafel e.V.Kalkstraße 43 51465 Bergisch Gladbach ,tafel@bergisch-gladbacher-Tafel.de,www.bergisch-gladbacher-tafel.de
Bergzaberner Tafel e. V.Weinstr. 38 76887 Bad Bergzabern ,info@bergzaberner-tafel.de,www.bergzaberner-tafel.de
Berliner Tafel e.V.1 Beusselstraße 44 n-q Verwaltung - keine Lebensmittelausgabe 10553 Berlin ,welcome@berliner-tafel.de,www.berliner-tafel.de/laib-und-seele/die-praxis/so-funktionierts/
Bernauer Tafel e.V.Rüdnitzer Chaussee 48 - 50 16321 Bernau ,tafel@freidenker-barnim.de,www.freidenker-barnim.de
Bernburger TafelAuguststraße 68 06406 Bernburg (Saale) ,petra.hetzel.stadt@bernburg.de,
Bersenbrücker TafelSandstraße 41 49593 Bersenbrück ,bersenbruecker-tafel@ewetel.net, bersenbruecker-tafel@hotmail.de,
Betzdorfer TafelGontermannstr. 26 57518 Betzdorf ,markus@familyaust.de,www.ekir.de/betzdorf
Biberacher TafelFelsengartenstr. 14 88400 Biberach ,info@drk-bc.de,
Biedenkopfer Tafel e.V.Mühlweg 23 35216 Biedenkopf ,dw-biedenkopf@dwhn.de,
Bielefelder Tafel e.V.Rabenhof 22 33609 Bielefeld ,info@tafel-bielefeld.de,www.tafel-bielefeld.de
Bietigheim-Bissinger Tafel e.V.1 Freiberger Str. 51 74321 Bietigheim-Bissingen ,bietigheim-bissinger-tafel@gmx.net,
Binger TafelDammstr. 10 55411 Bingen am Rhein ,,
Birkenfelder TafelAm Kirchplatz 4 55765 Birkenfeld ,grossmann-birkenfeld@t-online.de,
Bischofswerdaer TafelClara-Zetkin-Str. 6 01877 Bischofswerda ,voigt@tafel-bischofswerda.de,
Bitburger Tafel e. V.Neuerburger Straße 16a 54634 Bitburg ,bitburger-tafel@gmx.net,www.bitburger-tafel.de
Bitterfelder TafelJeßnitzer Str. 6 06749 Bitterfeld ,,
Blankenhainer Tafel e.V.Christian-Speck-Str. 12 99444 Blankenhain ,blankenhainer_tafel@gmx.de,www.blankenhainer-tafel.de
Blausteiner TafelMarktplatz 1 89134 Blaustein ,claudiawolfmiller@t-online.de,
Böblinger TafelSindelfinger Str. 9 71032 Böblingen ,tafelladen@evkirchebb.de,
Bocholter Tafel e.V.Köcherstr. 2a 46395 Bocholt ,info@bocholter-tafel.de,www.bocholter-tafel.de
Bochumer Tafel e. V.Laubenstraße 19 44866 Bochum ,info@wattenscheider-tafel.de,www.wattenscheider-tafel.de
Bonner Tafel e.V.Mackestr. 51 53119 Bonn ,bonnertafel@t-online.de,www.bonner-tafel.de
Bopfinger TafelHauptstraße 59 73441 Bopfingen ,bopfinger-tafel@t-online.de,
Bordesholmer TafelLüttparten 8 24582 Bordesholm ,info@bordesholmer-tafel.de,www.bordesholmer-tafel.de
Borkener TafelRaiffeisenstr. 11 46325 Borken ,vangoer@dw-st.de,www.dw-st.de/angebot/tafel-bor.htm
Bottroper Tafel1 Gladbecker Str. 108 - 110 46236 Bottrop ,bottropertisch@gelsennet.de,www.bottropertisch.de
Brandenburger Tafel e.V.Wilhelmsdorfer Str. 16 14776 Brandenburg an der Havel ,Brandenburger-Tafel@web.de,www.brandenburger-tafel.de
Brannenburger TafelKirchenstr. 19 83098 Brannenburg ,bus@steinbrecher-reisen.de,
Braunlager TafelDr.-Vogeler-Str. 6 38700 Braunlage ,3xmarygold@gmail.com,
Braunschweiger Tafel e.V.Goslarsche Str. 93 38118 Braunschweig ,info@braunschweiger-tafel.de,www.braunschweiger-tafel.de
Bremer Tafel e.V.Brauerstr. 13 28309 Bremen ,brementafel@nord-com.net,www.bremertafel.de
Bremerhavener TafelSurfeldstr. 29 27580 Bremerhaven ,manfred.jabs@awo-bremerhaven.de,www.awo-bremerhaven.de
Bremervörder TafelBremer Str. 35 27432 Bremervörde ,tandem-brv@ewetel.net,www.tandem-brv.de
Brettener TafelWeißhoferstr. 65-67 75015 Bretten ,brettener-tafelladen@diakonie-laka.de,http://www.diakonie-laka.de
Bruchsaler TafelWürttemberger Str. 119 76646 Bruchsal ,tafelladen@caritas-bruchsal.de,www.caritas-bruchsal.de
Brückenauer Tafel e. V.Kirchgasse 6 97769 Bad Brückenau ,brueckenauer-tafel@t-online.de,
Bruckmühler TafelAm Eichpold 10 83052 Bruckmühl ,info@bruckmuehler-tafel.de,www.bruckmuehler-tafel.de
Brüggener Tafel e. V.1 Vennmühlenweg 02 41379 Brüggen ,info@brueggener-tafel.de,www.brueggener-tafel.de
Brühler Tafel e. V.1 Bonnstr. 21 50321 Brühl ,info@bruehlertafel.de,www.bruehlertafel.de
Brunsbütteler TafelGaußstr. 5 25541 Brunsbüttel ,info@hoelp.de,
Buchloer TafelHeideweg 2 86807 Buchloe ,dietafel-buchloe@web.de,
Bückeburger Tafel e. V.Dammstr. 11 31675 Bückeburg ,info@bueckeburger-tafel.de,www.bueckeburger-tafel.de
Büdinger TafelOrleshäuser Str. 5 63654 Büdingen ,info@buedinger-tafel.de,www.buedinger-tafel.de
Bühler Tafel e.V.1 Bühlertalstr. 6 77815 Bühl ,laden@buehler-tafel.de,www.buehler-tafel.de
Bundesverband Deutsche Tafel e. V.Dudenstr. 10 Verwaltung - keine Ausgabe von Lebensmitteln! 10965 Berlin ,info@tafel.de,
Burbacher Tafel1 Ginnerbach 019 57299 Burbach ,kontakt@burbacher-tafel.de,www.burbacher-tafel.de
Burgdorfer Tafel e.V.Am Berliner Ring 17 Paulusgemeinde Burgdorf 31303 Burgdorf ,burgdorfertafel@gmx.de,www.burgdorfer-tafel.de/
Burgebracher Tafel1 Grasmannsdorfer Str. 2 b 96138 Burgebrach ,fam.neser@web.de,www.pfarrei-burgebrach.de
Burger TafelGrünstr. 2 39288 Burg ,reinbern.erben@diakonie-jerichowerland.de,
Burghauser Tafel e. V.Lindacher Straße 30 84489 Burghausen ,info@buergerinsel.de,www.burghausertafel.de
Burgkunstadter Tafel e. V.1 Schwarzer Graben 14 96224 Burgkunstadt ,silke.mohler@gmx.de,
Burgwedeler Tafel e.V.Gartenstraße 8 30938 Burgwedel/Großburgwedel ,info@burgwedeler-tafel.de,
Burscheider Tafel e. V.Montanusstr. 17 51399 Burscheid ,martin.heykants@gmail.com,www.burscheider-tafel.de
Buttstädter Tafel e. V.Straße nach Eßleben 99628 Teutlingen, Straße nach Eßleben 99628 Buttstädt ,alexandra_barthelmes@web.de,
Butzbacher Tafel e. V.Krachbaumgasse 1-7 35510 Butzbach ,info@butzbacher-tafel.de,butzbacher-tafel.de
Bützower Tafel e.V.Rühner Landweg 23 a 18246 Bützow ,buetzower-tafel@gmx.de,
Buxtehuder Tafel1 Hansestr. 1 21614 Buxtehude ,,
Calcarer Tafel e.V.Gocherstraße 19 47546 Kalkar ,,
Calwer TafelBiergasse 11 75365 Calw ,schubert@caritas-schwarzwald-gaeu.de,
Castroper TafelLambertusplatz 16 44575 Castrop-Rauxel ,n.diring@caritas-castrop-rauxel.de,
Celler Tafel e.V.1 Uferstraße 10 29221 Celle ,celler-tafel@t-online.de,www.celler-tafel.de
Chamer TafelLudwigstr. 21 93413 Cham ,ev.bayerwalddekanat@t-online.de,www.bayerischer-wald-evangelisch.de
Chemnitzer Tafel e.V.Zwickauer Straße 247 09116 Chemnitz ,c.fiedler@chemnitzer-tafel.de,www.chemnitzer-tafel.de
Chiemseer TafelBahnhofplatz 3 83209 Prien am Chiemsee ,caroline.haas@caritasmuenchen.de, cb-prien@caritasmuenchen.de,
Cloppenburger Tafel e. V.Kirchhofstr. 15 49661 Cloppenburg ,info@cloppenburger-tafel.de,www.cloppenburger-tafel.de
Coburger Tafel e.V.Rodacher Str. 63 96450 Coburg ,kontakt@coburger-tafel.de,www.coburger-tafel.de
Cochemer Tafel1 Endertstr. 59 a 56812 Cochem ,tafel-cochem@gmx.de,http://www.caritas-cochem.de
Coesfelder Tafel e. V.Franz-Darpe-Str. 13 48653 Coesfeld ,coesfeldertafel@t-online.de,www.coesfeldertafel.de
Cottbuser TafelDostojewski-Str. 8 03050 Cottbus ,,www.asf-brandenburg.de
Crailsheimer TafelBildstr. 1 74564 Crailsheim ,karin.coffey@aufbaugilde.de,www.crailsheimer-tafel.de
Cuxhavener Tafel e.V.1 Heringskai 27472 Cuxhaven ,cux-tafel@t-online.de,
Dachauer TafelBrunngartenstr. 5 85221 Dachau ,dachauertafel@t-online.de,www.dachauer-tafel.brk.de
Darmstädter Tafel e.V.Bismarkstr. 100 64293 Darmstadt ,tafel-da@gmx.de,www.darmstaedtertafel.de
Dattelner TafelKirchstraße 29 Ausgabestelle: Heibeckstraße 29 45711 Datteln ,tafel@caritas-datteln.de,www.caritas-datteln.de
Dauner Tafel e. V. Vulkaneifelkreis1 Maria-Hilf-Str. 3 54550 Daun ,dauner-tafel-ev@t-online.de,
Deggendorfer TafelStadtfeldstraße 11 94469 Deggendorf ,monika.huber@deggendorf.de,www.deggendorf.de
Delitzscher Tafel e. V.Leipziger Straße 17 b 04509 Delitzsch ,j.faak@web.de,www.delitzscher-tafel.de
Delmenhorster Tafel e.V.1 Grüne Straße 78 27749 Delmenhorst ,delmenhorster.tafel@ewetel.net,
Demminer TafelBrinkstraße 2 17109 Demmin ,tafeldm@kdw-greifswald.de,
Dessauer Tafel e. V.Wasserstadt 16-17 06844 Dessau ,dessauer-tafel@t-online.de,www.dessauer-tafel.de
Detmolder Tafel e.V.Wittekindstr. 25 32758 Detmold ,info@detmolder-tafel.de,
Die Hofer Tafel e.V.Jägerzeile 47 95028 Hof ,info@die-hofer-tafel.de,www.die-hofer-tafel.de
Dieburger Tafel e. V.Industriestr. 15 64807 Dieburg ,info@dieburger-tafel.de,www.dieburger-tafel.de
Diedorfer TafelMarienplatz 02 86420 Diedorf ,diedorf@bistum-augsburg.de,
Dießener TafelUnterer Forst 21 86911 Dießen ,i.saemmer@gmx.de,
Dietzenbacher Tafel e. V.Siedlerstr. 85 63128 Dietzenbach ,hcgermer@t-online.de,www.dietzenbacher-tafel.de
Diezer TafelWilhelmstr. 12 65582 Diez ,dwdiez@t-online.de,
Dillenburger TafelBahnhofsplatz 1 35683 Dillenburg ,ute.mueller@drk-dillenburg.de,www.drk-dillenburg.de
Dillinger TafelRegens-Wagner-Str. 2 Ausgabestelle: Pfarrheim St. Peter, Klosterstr. 7 89407 Dillingen ,borggreve@caritas-dillingen.de,
Dillinger Tafel SaarDe-Lenoncourt-Strasse 9 66763 Dillingen ,info@caritas-saarlouis.de,www.caritas-saarlouis.de
Dinslakener Tafel e.V.Hünxer Str. 281 46537 Dinslaken ,marion.muhic@gmx.de,www.dinslakener-tafel.de
Dippoldiswalder TafelRabenauer Straße 45 01744 Dippoldiswalde ,office@drk-dippoldiswalde.de,www.drk-dippoldiswalde.de
Ditzinger TafelMittlere Straße 22 71254 Ditzingen ,ev-kirchenpflege-ditzingen@t-online.de,
Döbelner TafelFriedrichstr. 8 04720 Döbeln ,,
Donauwörther TafelPflegstr. 23 86609 Donauwörth ,gf@caritas-donau-ries.de,www.caritas-donau-ries.de
Dorfener TafelHaager Str. 22 84405 Dorfen ,thalmaier.rosa@dorfen.de,
Dormagener Tafel e. V.Kölner Str. 13 41539 Dormagen ,dormagener-tafel@t-online.de,www.dormagener-tafel.de
Dorstener Tafel e.V.Fuchspass 28 46286 Dorsten ,herbert.rentmeister@t-online.de,www.dorstener-tafel.de
Dortmunder Tafel e. V.Osterlandwehr 31-35 44145 Dortmund ,info@dortmunder-tafel.de,www.dortmunder-tafel.de
Drebkauer TafelDrebkauer Hauptstraße 64 03116 Drebkau ,sozialakademie@asf-brandenburg.de,www.asf-brandenburg.de
Dreiländereck-Tafel Lörrach - Weil am Rhein e.V.Hofmattstraße 12 79541 Lörrach-Brombach ,reinhard.ihl@dreilaendereck-tafel.de,www.dreilaendereck-tafel.de
Dresdner Tafel e.V.1 Zwickauer Str. 32 01069 Dresden ,info@dresdner-tafel.de,www.dresdner-tafel.de
Duisburger Tafel e.V.Brückenstraße 30 47053 Duisburg ,info@duisburger-tafel.de,www.duisburger-tafel.de
Dülmener Tafel e. V.Borkener Straße 44 48249 Dülmen ,info@duelmener-tafel.de,www.duelmener-tafel.de
Dürener Tafel e.V.1 Bücklerstr. 6 - 10 52351 Düren ,info@duerener-tafel.de,www.duerener-tafel.de
Durlacher TafelSchinnrainstr. 11 76227 Karlsruhe ,leitung@durlacher-tafel.de,www.durlacher-tafel.de
Durmersheimer TafelStettiner Straße 17 kein Mitglied im Bundesverband Deutsche Tafel e.V. 76437 Rastatt ,info@rastatter-tafel.de,www.rastatter-tafel.de
Düsseldorfer Tafel e.V.Völklinger Str. 24 40221 Düsseldorf ,info@duesseldorfer-tafel.de,www.duesseldorfer-tafel.de
Ebersbacher TafelKarlstraße 2 73061 Ebersbach ,info@drk-goeppingen.de,www.drk-goeppingen.de
Ebersberger TafelAbt-Williram-Str. 90 Anbau der ev. Kirche 85560 Ebersberg ,waltraud.stueckle-mayrhofer@diakonie-rosenheim.de,
Eberswalder TafelEisenbahnstr. 84 16225 Eberswalde ,info@brotundhoffnung.de,www.brotundhoffnung.de
Eckernförder TafelSaxtorfer Weg 18 24340 Eckernförde ,eckernfoerder_tafel@yahoo.com,
Edenkobener Tafel e. V.1 In den Semmeläckern 19 67480 Edenkoben ,edenkobenertafel@gmx.de,
Edingen-Neckarhauser TafelLagerstraße 7 68189 Mannheim ,hubert.mitsch@kv-mannheim.drk.de,
Ehinger TafelSchulgasse 21 89584 Ehingen ,ulrich.hagel@kabelbw.de,www.drk-ulm.de
Eichstätter Tafel e.V.Clara-Staiger-Str. 12 a 85072 Eichstätt ,info@eichstaetter-tafel.de,www.eichstaetter-tafel.de
Einbecker Tafel1 Münsterstr. 026 37574 Einbeck ,info@einbecker-tafel.de,www.einbecker-tafel.de
Eisenacher TafelFriedensstraße 17 99817 Eisenach ,schmidt.g@caritas-bistum-erfurt.de,
Eisenberger TafelGartenstraße 38 07607 Eisenberg ,eisenberger-tafel@web.de,
Eisenhüttenstädter Tafel1 Diesterwegring 2 15890 Eisenhüttenstadt ,tafel-ehst@t-online.de,
Eislebener TafelRammtorstr. 37 06295 Lutherstadt Eisleben ,e.tielo@fsb-eisleben.de,
Eitorfer Tafel1 Bahnhofstraße 5 53783 Eitorf ,rahn-huesson@t-online.de,
Ellwanger Tafel1 Priestergasse 4 73479 Ellwangen ,ellwangertafel@web.de,
Elmshorner TafelLornsenstraße 53 25335 Elmshorn ,elmshorner-tafel@cza.de,
Elsdorfer TafelHeinrich-Doll-Str. 2 50189 Elsdorf ,nc-buschmis@netcologne.de,www.awo-elsdorf.de/tafel-elsdorf.html
Emder TafelBollwerkstraße 43 26725 Emden ,sholle@caritas-os.de,
Emlichheimer TafelAm Grenzlandheim 1 Haus 5 49824 Emlichheim ,doris.huebers@gmx.de,
Emmendinger Tafel e.V.Karl-Friedrich-Straße 71 79312 Emmendingen ,info@emmendinger-tafel.de,www.emmendinger-tafel.de
Emsdetten-Grevener TafelSpatzenweg 46 48282 Emsdetten ,tafel@caritas-emsdetten-greven.de,
Emser TafelAm alten Rathaus 1 56130 Bad Ems ,info@diakonie-rhein-lahn.de,
Enkenbach-Alsenborner Tafel e. V.Hauptstraße 6 67677 Enkenbach-Alsenborn ,info@enkenbach-alsenborner-tafel.de,www.enkenbach-alsenborner-tafel.de
Ennigerloher Tafel e. V.Schleedahlstraße 2 a 59320 Ennigerloh ,ennigerloher-tafel@t-online.de,www.ennigerloher-tafel.de
Eppinger TafelAltstadtstraße 12 75031 Eppingen ,tafel@diakonie-heilbronn.de,www.diakonie-heilbronn.de
Erbach-Michelstädter Tafel e.V.Stadtring 88 64720 Erbach-Michelstadt ,drhubsfrech@t-online.de,http://www.erbach-michelstädter-tafel.de
Erbacher TafelObere Gasse 04 89155 Erbach ,brigittehoerger@aol.com,www.drk-ulm.de
Erdinger Tafel1 Friedrichstr. 7 85435 Erding ,nbh@erding-mail.de,www.nbhe-erding.de
Erftstädter TafelVon-Leibniz-Str. 38 50374 Erftstadt ,info@tafel-erftstadt.de,www.tafel-erftstadt.de
Erfurter Tafel e.V.Auenstraße 55 99089 Erfurt ,info@erfurter-tafel.de,www.erfurter-tafel.de
Erkelenzer Tafel e. V.1 Am Bauxhof 35 41812 Erkelenz ,erkelenzer-tafel@t-online.de,
Erkner TafelFichtenauer Weg 44 15537 Erkner ,kraemer@gefas-ev.de,www.gefas-ev.de
Erkrather Tafel e.V.1 Niermannsweg 11-15 40699 Erkrath ,info@erkrather-tafel.de,www.erkrather-tafel.de
Erlanger Tafel1 Schillerstr. 52a 91052 Erlangen ,gertrud.koenig@diakonie-erlangen.de,
Eschweger Tafel e. V.Hindenlangstr. 1b 37269 Eschwege ,info@eschweger-tafel.de,www.eschweger-tafel.de/
Eschweiler Tafel e.V.Röthgener Str. 56 52249 Eschweiler ,,www.EschweilerTafel.de
Esenser Tafel e.V.Münkenlander Weg 7 26427 Esens ,tafel-esens@ewetel.de,
Essener Tafel e. V.1 Steeler Straße 137 45138 Essen ,essener_tafel@gmx.de,www.essener-tafel.de
Esslinger TafelNeckarstr. 21 73728 Esslingen ,parylak@caritas-fils-neckar-alb.de,
Ettlinger TafelIm Ferning 6 76275 Ettlingen ,tafelladen-ettlingen@t-online.de,
Euskirchener Tafel e.V.Gottfried Kinkel Str. 22 53879 Euskirchen ,heidi.goergen@eu-tafel.de,www.euskirchener-tafel.de
Eutiner Tafel e.V.Königstr. 3 23701 Eutin ,post@eutinertafel.de,
Falkenseer Tafel e. V.Heinkelstraße 3 14612 Falkensee ,falken@lvbb.de,
Fehmarn TafelBreite Str. 47 23769 Fehmarn ,brkempe@web.de,
Fellbacher TafelWernerstrasse 27 70734 Fellbach ,mail@fellbacher-tafel.de,
Feuchtwanger Tafel1 Marktplatz 4 91555 Feuchtwangen ,dw-feu@t-online.de,www.diakonie-feuchtwangen.de/tafel/index.html
Feuerbacher TafelHohnerstraße 21 70469 Stuttgart ,tafelladen@bhz.de,www.bhz.de
FildertafelEchterdinger Str. 51 70794 Filderstadt ,fildertafel@kdv-es.de,www.diakonieladen.de
Finsterwalder TafelLanger Damm 03238 Finsterwalde ,,
Flensburger Tafel1 Waldstr. 3 24939 Flensburg ,tafel.flensburg@johanniter.de,
Flintbeker TafelSchwedendamm 9 24143 Kiel ,info@kielertafel.de,www.kielertafel.de
Föhrer Tafel e. V.1 Am Grünstreifen 2 25938 Wyk auf Föhr ,foehrer.tafel@online.de,
Forster TafelKarlstr. 31 03149 Forst ,ase-forst@alv-brandenburg.de,
Frankenberger Tafel e.V.1 Auestr. 19 35066 Frankenberg (Eder) ,info@frankenberger-tafel.de,www.frankenberger-tafel.de
Frankenthaler TafelMörscher Str. 140e Tafelladen: Mörscher Straße 97 67227 Frankenthal ,franz-josef.moeller@t-online.de,
Frankfurter Tafel - Domizil Offene Tür1 Topfmarkt 1 15230 Frankfurt Oder ,domizil@arbeitsloseninitiative-ffo.de,www.arbeitsloseninitiative-ffo.de
Frankfurter Tafel e.V.Riederhofstr. 14 b 60314 Frankfurt-Main ,frankfurtertafel@t-online.de,www.frankfurter-tafel.de
Frechener Tafel1 Winandswiese 11 50226 Frechen ,Frechener-tafel@skfm-rhein-erft-kreis.de,www.frechener-tafel.de
Freiberger TafelFriedeburgerstr. 19 09599 Freiberg ,freibergertafel@caritas-chemnitz.de,
Freiburger Tafel e.V.Schwarzwaldstraße 58 a 79117 Freiburg ,tafelleitung@freiburger-tafel.de,www.freiburger-tafel.de
Freilassinger TafelBräuhausstr. 3 83395 Freilassing ,wimmer.erika@t-online.de,
Freisinger Tafel e.V.Kammergasse 12 85354 Freising ,freisinger-tafel@t-online.de,www.freisinger-tafel.eu
Freitaler Tafel e.V.Dresdner Str. 248 01705 Freital ,info@freitaler?tafel.de,www.freitaler?tafel.de
Frerener Tafel1 Markt 4 49832 Freren ,freren@lingener-tafel.de,
Freyunger TafelBöhmerwaldstraße 1 94078 Freyung ,norbert@kremsreiter.eu,
Friedberger TafelHermann-Löns-Weg 6 86316 Friedberg ,andreas.reinmann@caritas-aichach-friedberg.de,www.caritas-aichach-friedberg.de
Friedberger Tafel e.V.Kleine Klostergasse 11 61169 Friedberg ,info@friedberger-tafel.de,www.friedberger-tafel.de
Friedländer Tafel e. V.Verwalterweg 7 17098 Friedland ,,
Friedrichshafener Tafel e.V.Hofener Str. 47 88045 Friedrichshafen ,tafelfn@t-online.de,www.friedrichshafener-tafel.de
Friesoyther TafelPehmertanger Weg 1-3 26169 Friesoythe ,carla@frisoyther-tafel.de,www.friesoyther-tafel.de
Fritzlarer TafelWaberner Str. 41 34560 Fritzlar ,info@fritzlarer-tafel.de,www.fritzlarer-tafel.de
Fuldaer Tafel e. V.Weserstr. 33 Ecke Donuastraße 36043 Fulda ,buero@fuldaer-tafel.de,www.fuldaer-tafel.de
Fürstenauer TafelButen Porten 10 49584 Fürstenau ,fuerstenauer-tafel@ewetel.net,
Fürstenfeldbrucker TafelAm Sulzbogen 56 82256 Fürstenfeldbruck ,info@buergerstiftung-lkr-ffb,www.buergerstiftung-lkr-ffb.de
Fürstenwalder TafelHegelstr. 22 15517 Fürstenwalde ,uebergangswohnheim@gefas-ev.de,www.gefas-ev.de
Fürstenzeller Tafel1 Adalbert-Stifter-Weg 8 Ausgabestelle Wieningerstr. 4, 94081 Fürstenzell 94081 Fürstenzell ,irmischellerer@gmx.de,
Fürther Tafel e.V.Mathilden Str. 38 90762 Fürth ,buero@fuerther-tafel.de,www.fuerther-tafel.de
Füssener Tafel1 Rupprechtstr. 8 1/2 Hinterhaus 87629 Füssen ,info@fuessener-tafel.de,www.fuessener-tafel.de
Gaggenauer TafelBahnhofstr. 2 76571 Gaggenau ,info@gaggenauer-tafel.com,www.gaggenauer-tafel.com
Gammertinger TafelSigmaringer Straße 24 72501 Gammertingen ,tafel-gammertingen@kv-sigmaringen.de,www.kv-sigmaringen.drk.de
Gangelter TafelIm Mühlenhof 12 1. Ausgabestelle: Vereinsheim des FC Birgden, 52538 Gangelt-Birgden 2. Ausgabestelle: Sportheim, Zum Schützenbruch, 52538 Selfkant-Saeffelen 52531 Übach-Palenberg ,d.bischhaus@uebach-palenberger-tafel.de,www.uebach-palenberger-tafel.de
Garmisch-Partenkirchener Tafel1 St.-Martin-Str. 50 82467 Garmisch-Partenkirchen ,jochem.rollar@web.de,
Gautinger Tafel e.V.Krapfberg 5 82131 Gauting ,gautinger.tafel@googlemail.com,www.gautinger-tafel.de
Geilenkirchener Tafel1 Im Mühlenhof 12 Ausgabestelle: Tafelladen, Von-Harff-Str. (hinter dem Parkplatz), 52511 Geilenkirchen 52531 Übach-Palenberg ,d.bischhaus@uebach-palenberger-tafel.de,www.uebach-palenberger-tafel.de
Geislinger TafelBebelstr. 100 73312 Geislingen ,parylak@caritas-fils-neckar-alb.de,www.caritas-fils-neckar-alb.de
Gelderner Tafel e.V.Von-Galen-Straße 12 47608 Geldern ,,
Gelnhäuser Tafel e.V.1 Cassebeerstr. 7 63571 Gelnhausen ,info@gelnhaeuser-tafel.de,gelnhaeuser-tafel.de
Gelsenkirchener Tafel e.V.Nordring 55 45894 Gelsenkirchen ,info@tafel-ge.de,www.tafel-ge.de
Gemündener TafelWernfelder Str. 1 97737 Gemünden a. Main ,tafel-gem@kvmain-spessart.brk.de,
Genthiner TafelPlatz des Friedens (kein Mitglied im Bundesverband Deutsche Tafel e.V.) 39307 Genthin ,vonWitten@aol.com,
Geraer Tafel e.V.Zwötzener Str. 4 07551 Gera ,geraer-tafel@t-online.de,www.geraer-tafel.de
Geretsrieder-Wolfratshauser Tafel e.V.Jeschkenstr. 22 82538 Geretsried ,ger-wor-tafel@t-online.de,www.geretsrieder-wolfratshauser-tafel.de
Germeringer Tafel1 Planegger Str. 9 82110 Germering ,info@sozialdienst-germering.de,www.germeringer-tafel.de
Germersheimer Tafel e. V.Waldstraße 15 76726 Germersheim ,'germersheimer.tafel@t-online.de,www.germersheimer-tafel.de
Gescher Tafel e.V.Bahnhofstr. 31 48712 Gescher ,f-j-b-menker@versanet.de,
Gießener TafelGartenstr. 11 35390 Gießen ,giessener.tafel@diakonie-giessen.de,www.giessener-tafel.de
Gifhorner Tafel e.V.Paulsumpf 8 38118 Gifhorn ,edeltraud.sack@t-online.de,www.gifhornertafel.de
Gilchinger TafelPollingerstr. 24 82205 Gilching ,,
Ginsheim-Gustavsburger Tafel e. V.1 Rheinstr. 2 65462 Ginsheim-Gustavsburg ,tafel@ev-kirche-ginsheim.de,www.diakonie-kreisgg.de
Gladbecker Tafel e.V.Bülser Str. 145 45964 Gladbeck ,post@gladbecker-tafel.de,www.gladbecker-tafel.de
Glauchauer Tafel1 Schlachthofstr. 33 08371 Glauchau ,GABverwaltung@web.de,www.gab-glauchau.de
Glinder Tafel e. V.1 Sandweg 1 21509 Glinde ,paul-nowatzki@t-online.de,
Glückstädter Tafel1 Königsberger Str. 25 25438 Glückstadt ,sozialkaufhausgluecksstadt@bisabaum.de,
Gmunder TafelWiesseer Straße 18 83703 Gmund am Tegernsee ,info@diakonieverein-tegernseer-tal.de,www.diakonieverein-tegernseer-tal.de
Gocher Tafel1 Arnold-Janssen-Straße 8 47574 Goch ,Die-Tafel-in-Goch@t-online.de,www.arche-goch.de
Gommeraner Tafel1 Magdeburger Strasse 35 39291 Möckern ,wolfgang.auerbach@t-online.de,
Göppinger TafelGartenstraße 45 73033 Göppingen ,kinzel@caritas-fils-neckar-alb.de,www.caritas-fils-neckar-alb.de
Görlitzer Tafel e.V.Scultetusstr. 16 02828 Görlitz ,,
Goslarer Tafel Kleiner Tisch Oker e. V.Am Breiten Stein 17 Postfach 8049 38640 Goslar ,info@goslarer-tafel.de,www.goslarer-tafel.de
Gothaer Tafel1 Erfurter Landstraße 4 99867 Gotha ,info@drk-gotha.de,www.tafel-gotha.de.vu
Göttinger Tafel e.V.Mauerstr. 16/17 37073 Göttingen ,info@goettingertafel.org,www.goettingertafel.org
Graben-Neudorfer Tafel1 Schulstr. 1 76676 Graben-Neudorf ,tafelladen@caritas-bruchsal.de,www.caritas-bruchsal.de
Grafenauer TafelVormbacher Weg 9 94481 Grafenau ,,
Grafinger TafelBahnhofstraße 1 85567 Grafing ,christine.deyle@caritasmuenchen.de,www.caritas-ebersberg.de
Grefrather TafelAn der evangelischen Kirche 25 47929 Grefrath ,volkmar.josten@grefrath.de,www.nettetaler-tafel.de
Greifswalder Tafel e. V.Friedrich-Loeffler-Str. 29 17489 Greifswald ,D.Koitzsch@lawnet.de,
Greizer TafelRosa-Luxemburg-Straße 23 07973 Greiz ,tali-greiz@web.de,
Grevenbroicher Tafel/Existenzhilfe e. V.1 Merkatorstr. 2 d 41515 Grevenbroich ,existenzhilfe@t-online.de,
Grimmaer TafelGabelsberger Str. 5 04668 Grimma ,grimmaer-tafel@awo-mmulde-collm.de,
Grimmener Tafel e. V.Heidebrinkerweg 1 18507 Grimmen ,grimmener.tafel@aol.de,
Gröditzer TafelFröbelstraße 18 a 01609 Gröditz ,t.welsch@asb-riesa.de,www.asb-riesa-ev.de
Gronauer Tafel e. V.1 Zollstraße 10 48599 Gronau ,gronauertafel@t-online.de,www.gronauer-tafel.de
Groß-Gerauer TafelSchulstr. 17 64521 Groß-Gerau ,k.engelberty@diakonie-kreisgg.de,
Großenhainer TafelAuenstr. 15 01558 Großenhain ,tafel@diakonie-grossenhain.de,
Großräschener TafelBahnhofstraße 4 01983 Großräschen ,mgh-ilse@alv-brandenburg.de,
Grünberger TafelBahnhofstr. 37 35305 Grünberg ,info@diakonie-gruenberg.de,www.tafel-gruenberg.de
Grünstadter Tafel e.V.Schillerstraße 6 67269 Grünstadt ,gruenstadter-tafel@t-online.de,
Grünwalder TafelEmil-Geis-Str. 4 82031 Grünwald ,info@nachbarschaftshilfe-gruenwald.de,
Günzburger und Burgauer Tafel1 Zankerstr. 1a 89312 Günzburg ,guenzburger.tafel@caritas-guenzburg.de,www.caritas-guenzburg.de/tafel
Güstrower Tafel e.V.Pfahlweg 1f 18273 Güstrow ,guestrowertafel@web.de,
Gütersloher Tafel e.V.Kaiserstr. 38 33330 Gütersloh ,info@gueterslohertafel.de,www.gueterslohertafel.de
Gützkower TafelAugust-Bebel-Straße 37 a 17506 Gützkow ,info@abs-greifswald.de,
Haaner TafelBreidenhofer Str. 1 Ausgabestelle: Ellscheiderstr. 46 42781 Haan ,tafel@skfm-haan.de,
Hagener Tafel1 Bergstr. 81 58095 Hagen ,schroeder@caritas-hagen.de,caritas-hagen.de
Haldensleber TafelAm Klinggraben 7 a 39340 Haldensleben ,geschaeftsleitung@drk-ohrekreis.de,www.drk-ohrekreis.de
Hallesche TafelTangermünder Str. 14 06124 Halle ,tafel@stadtmission-halle.de,www.stadtmission-halle.de
Halterner Tafel e.V.1 Recklinghäuser Straße 44 45721 Haltern am See ,info@halterner-tafel.de,www.halterner-tafel.de
Halveraner Tafel1 Von-Vincke-Str. 22 58553 Halver ,erikaostmeyer@schalksmuehler-tafel.de,
Hamburger Tafel e.V.Bramfelder Str. 102 22305 Hamburg ,info@hamburger-tafel.de,www.hamburger-tafel.de
Hamelner Tafel e.V.Ruthenstr. 10 31785 Hameln ,Hamelner-Tafel@t-online.de,www.hamelner-tafel.de
Hammelburger Tafel e. V.Krötengasse 97762 Hammelburg ,roth_dieter@hotmail.com,www.hammelburger-tafel.de
Hammer Tafel e.V.Friedrichstr. 11a 59065 Hamm ,hammer.tafel@hamcom.biz,www.hammer-tafel.de
Hamminkelner Tafel1 Krummer Weg 3 46499 Hamminkeln ,evi@kannemann.de,www.hamminkelnhilft.de
Hanauer TafelHospitalstr. 63450 Hanau ,gordana.kapetanic@lichtblick-in-hanau.de,www.lichtblick-in-hanau.de
Hannöversche Tafel e.V.Vahrenheider Markt 7 30179 Hannover ,han.tafel@t-online.de,www.hannovertafel.de
Harburger Tafel e.V.Buxtehuder Straße 31 21073 Hamburg-Harburg ,post@harburgertafel.de,www.harburgertafel.de
Harener TafelBierstr. 3 49733 Haren ,josef.stroeer1@ewetel.net,www.lingener-tafel.de
Harzer TafelWeberstraße 22 06484 Quedlinburg ,Harzertafel@awo-quedlinburg.de,
Haselünner Tafel1 Industriestr. 15 Hammer Tannen 1 49740 Haselünne ,gerd.schoon1@ewetel.net,www.lingener-tafel.de
Haßfurter Tafel e. V.1 Theinstraße 14 97437 Haßfurt ,irmtrautneubert@web.de,
Hattersheimer - Hofheimer Tafel1 Im Boden 6 65795 Hattersheim ,tafel@caritas-main-taunus.de,http://www.caritas-main-taunus.de/beratung-und-dienste/hattersheimer-hofheimer-tafel/
Hattinger Tafel e. V.Nordstraße 16 45525 Hattingen ,hattinger-tafel@gmx.de,
Hauzenberger TafelSimonstraße 41 94051 Hauzenberg ,,
Havelberger Tafel e.V.Propsteiplatz 3a 39539 Havelberg ,imig-havelberg@online.de,
Hecklinger TafelHermann-Danz-Straße 57 39444 Hecklingen ,,
Heidelberger Südstadt-TafelTurnerstr. 38 69126 Heidelberg ,caritas@caritas-heidelberg.de,www.caritas-heidelberg.de
Heidelberger Tafel e.V.Alte Eppelheimer Str. 38 69115 Heidelberg ,heidelberger_tafel@hotmail.com,www.heidelberger-tafel.de
Heidenheimer Tafel - W52Wilhelmstr. 52 89518 Heidenheim ,frech@caritas-ost-wuerttemberg.de; majovski@caritas-ost-wuerttemberg.de,www.caritas-ost-wuerttemberg.de
Heider TafelNeue Anlage 1 25746 Heide ,post@awo-heide.de,
Heilbronner TafelCäcilienstr. 28 74072 Heilbronn ,tafel@diakonie-heilbronn.de,www.diakonie-heilbronn.de
Heiligenhafener Tafel1 Thulboden 13 23774 Heiligenhafen ,tafel.heiligenhafen@t-online.de,
Heiligenstädter TafelRheda-Wiedenbrücker-Str.44 Ausgabestelle: Jahnstr. 12-16, 37327 Leinefelde 37308 Heiligenstadt ,vdbeichsfeld@aol.com,
Heinsberger Tafel e. V.1 Erzbischof-Philipp-Str. 18 52525 Heinsberg ,heinsbergertafel@t-online.de,www.heinsbergertafel.de
Helmstedter TafelBergstraße 5 (kein Mitglied im Bundesverband Deutsche Tafel e.V.) 38364 Schöningen ,heschoeta@aol.com,
Hennefer TafelBeethovenstr. 33 53773 Hennef ,info@hennefer-tafel.de,www.awo-rheinsieg.de
Herbolzheimer Tafel e.V.Konrad-Adenauer-Ring 01 79336 Herbolzheim ,herbolzheimertafel@gmx.eu,www.herbolzheimer-tafel.de
Herforder Tafel e. V.Benter Weg 21 32051 Herford ,barbara@bbeckmann.de,www.herforder-tafel.de
Hermannsburger Tafel e. V.1 Billingstr. 017 Plathnerhaus 29320 Hermannsburg ,hermannsburger-tafel@web.de,
Hermeskeiler Tafel St. Martinus e. V.Hirtenweg 1 54413 Hermeskeil ,mende.bega@t-online.de,
Herner Tafel e.V.Siepenstraße 12a 44623 Herne ,martin.berswordt@asb-mail.de,www.herner-tafel.de
Herrenberger Tafel1 Jahnweg 05 71083 Herrenberg ,,www.drk-herrenberg.de
Herrschinger TafelBahnhofstr. 38 im Haus der Insel 82211 Herrsching ,k.h.bauer@gmx.de,www.herrschinger-tafel.de
Hertener TafelHospitalstr. 11-13 45699 Herten ,info@caritas-herten.de,www.caritas-herten.de
Herzberger TafelLugstraße 3 04916 Herzberg/Elster ,ase-herzberg@alv-brandenburg.de,
Herzogenrather Tafel e.V.1 Am Schürhof 8 52134 Herzogenrath ,info@dieter-lecher.de,
Heslacher TafelBöblinger Str. 149 70199 Stuttgart ,mail@stuttgarter-tafel.de,www.schwaebische-tafel-stuttgart.de
Heubacher TafelAdlerstr. 7 73540 Heubach ,heubacher.tafel@tafelladen.de,
Hildburghäuser TafelObere Marktstr. 37 98646 Hildburghausen ,info@hildburghaeuser-tafel.de,www.diakoniewerk-son-hbn.de
Hildener TafelKirchhofstr. 18 40721 Hilden ,info@skfm-hilden.de,www.skfm-hilden.de
Hildesheimer Tafel e.V.Cherusker Ring 53 31137 Hildesheim ,info@hildesheimer-tafel.de,www.hildesheimer-tafel.de
Höchberger Tafel e. V.Hans-Sachs-Straße 52 97204 Höchberg ,marossbach@gmx.de,www.hoechberger-tafel.de
Hochschwarzwälder TafelAdolph-Kolping-Straße 20 79822 Titisee-Neustadt ,cv.hochschw@caritas-dicv-fr.de,www.caritas-breisgau-hochschwarzwald.de
Hockenheimer TafelIm Auchtergrund 1 68766 Hockenheim ,hubert.mitsch@kv-mannheim.drk.de,www.mannheimer-tafel.de
Hofgeismarer Tafel1 Altstädter Kirchplatz 5 Ausgabestelle Hofgeismar: Grosse Pfarrgasse 3 Ausgabestelle Bad Karlshofen: Hofenplatz 18a 34369 Hofgeismar ,hofgeismarer-tafel@ekkw.de,www.dw-hog-woh.de
Hohenstein-Ernstthaler Tafel1 Neumarkt 9 09337 Hohenstein-Ernstthal ,gfa-verwaltung@freenet.de,www.gfa-hot.de
Hohenwestedter TafelThomashaus Lindenstraße 24594 Hohenwestedt ,hohenwestedter-tafel@gmx.de,www.hohenwestedter-tafel.de
Hohenzollern TafelGutleuthausstr. 8 72379 Hechingen ,bummer@caritas-hechingen.de,
Holzkirchner Tafel e. V.Frühlingstr. 6 83607 Holzkirchen ,info@holzkirchner-tafel.de,www.holzkirchner-tafel.de
Holzmindener Tafel e.V.Wallstraße 1 37603 Holzminden ,info@tafel-holzminden.de,www.tafel-holzminden.de
Homberger Tafel1 Obertorstr. 07 34576 Homberg (Efze) ,info@homberger-tafel.de,www.homberger-tafel.de
Homburger Tafel e.V.Inastraße 1 66424 Homburg ,tafel-homburg@arcor.de,www.homburger-tafel.de
Horber Tafel1 Bildechinger Steige 10 72160 Horb am Neckar ,peck@caritas-schwarzwald-gaeu.de,www.caritas-schwarzwald-gaeu.de
Hornberger Tafel1 Leimattenstr. 15 78132 Hornberg ,admin@awo-hornberg.de,
Hoyerswerdaer Tafel1 Ulrich-van-Hutten-Str. 31/33 02977 Hoyerswerda ,hoyerswerda@vbff-zitau.de,
Hückelhovener Tafel e. V.1 Friedrichplatz 9 sowie Zweigstellen Erkelenz und Wassenburg 41836 Hückelhoven ,h.witges@gmx.net,www.hueckelhovener-tafel.de/
Hünfelder TafelBrunnenstraße 14 Ausgabestelle: Brunnenstr. 14 36088 Hünfeld ,info@drk-huenfeld.de,www.drk-huenfeld.de
Hungener TafelPfarramt Neugasse 5 35410 Hungen ,ev.kirchengemeinde2.hungen@ekhn-net.de,www.hungener-tafel.info/
Hürther Tafel e. V.Kölnstr. 14 50354 Hürth ,info@huerther-tafel.de,www.huerther-tafel.de
Husumer TafelTheodor-Storm-Str. 7 25813 Husum ,info@husumer-tafel.de,www.husumer-tafel.de
Hutthurmer Tafel1 Marktstr. 15, ehem. Schlecker 94116 Hutthurm ,herbert-oberneder@t-online.de,www.hutthurmertafel.de
Ibbenbürener TafelOststraße 39 49477 Ibbenbüren ,kurlemann@skf-ibbenbueren.de,www.skf-ibbenbueren.de/praktische_hilfen.html
Idar-Obersteiner TafelAmtsstr. 4 55743 Idar-Oberstein ,idar-obersteiner-tafel@kreuznacherdiakonie.de,www.kreuznacherdiakonie.de
Idsteiner TafelSchulgasse 7 65510 Idstein ,tafelidstein@dwrt.de,www.dwrt.de
Illertisser Tafel e. V.Jahnstr. 15 (kein Mitglied im Bundesverband Deutsche Tafel e.V.) 89257 Illertissen ,,
Ilmenauer TafelHomburger Platz 1 98693 Ilmenau ,tafel-ilmenau@ms-arn.de,
Ingolstädter Tafel e.V.1 Proviantstr. 1 85049 Ingolstadt ,info@ingolstaedter-tafel.de,
Inntaler TafelBlaahausstr. 19 83088 Kiefersfelden ,p-h-hanusch@online.de,
Iserlohner TafelPütterstr. 27 58636 Iserlohn ,info@caritas-iserlohn.de,
Isnyer TafelEspantorstr. 17 88316 Isny im Allgäu ,pfeffer.s@caritas-bodensee-oberschwaben.de,
Itzehoer TafelGroße Paaschburg 15 25524 Itzehoe ,ha.ahmling@online.de; antoinette.deister@web.de,
Jenaer Tafel e.V.Werner-Seelenbinder-Str. 26 07747 Jena ,tafelhaus@jenaertafel.de,www.jenaertafel.de
Jessener TafelArnsdorfer Str. 47 Ausgabestelle: Henningstr. 3 06917 Jessen ,margit.mehr@web.de,
Jeversche Tafel e. V.1 Bahnhofstr. 21 26441 Jever ,hgowl@t-online.de,
Jülicher Tafel e.V.1 Lorsbecker Str. 22a 52428 Jülich ,post@juelicher-tafel.de,www.juelicher-tafel.de
Jüterboger TafelGewerbering 7 14913 Jüterbog ,tafel-jueterbog@alv-brandenburg.de,www.alv.brandenburg.de
Kaiserslauterer Tafel e.V.1 Wollstr. 1 67659 Kaiserslautern ,tafelkaiserslautern@gmx.de,www.senioren-kaiserslautern.de
Kaller Tafel e.V.1 Aachener Str. 51 53925 Kall ,Kaller-Tafel@t-online.de,www.kaller-tafel.de
Kaltenkirchener Tafel e.V.Werner-v.-Siemens-Straße 6 24568 Kaltenkirchen ,info@kaltenkirchener-tafel.de,www.kaltenkirchener-tafel.de
Kamenzer Tafel e.V.Garnisonsplatz 4 a 01917 Kamenz ,info@kamenzer?tafel.de,www.kamenzer?tafel.de
Kappelner Tafel e. V.1 Ellenberger Str. 27 24376 Kappeln ,kappelner.Tafel@yahoo.de,www.kappelner-tafel.de
Karlsruher Tafel e.V.Nördliche Uferstr. 8 76189 Karlsruhe ,ursula.hoehn@karlsruher-tafel.de,www.karlsruher-tafel.de
Karlstadter Tafel e. V.1 Bodelschwinghstr. 7 97753 Karlstadt ,karlstadter.tafel@web.de,www.karlstadtertafel.de
Kasseler Tafel e.V.Holländische Straße 141 34127 Kassel ,kasseler-tafelev@arcor.de,
Kaufbeurer Tafel - Gratislädle e.V.Unter dem Berg 16a weitere Ausgabestelle: Sudetenstraße 52, Kaufbeuren-Neugablonz 87600 Kaufbeuren ,gertrud.sauter@web.de,
Kehler TafelSchutterstr. 86 77694 Kehl ,kehl-dorf@web.de,
Kelheimer TafelBrunngasse 5 93309 Kelheim ,h.kuffer@caritas-kelheim.de,www.caritas-kelheim.de
Kempener Tafel1 Mühlhauserstr. 111 47906 Kempen ,brunowrede@martinus-hilfe.de,
Kemptener TafelHaubenschloßstraße 12 87435 Kempten ,info@kvoberallgaeu.brk.de,www.brk-oberallgaeu.drk.de
Kerpener TafelHohenweg 51-57 50169 Kerpen-Horrem ,manfred.pillen@online.de,www.kerpener-tafel.de
Kevelaer TafelAlte Heerstraße 6 47623 Kevelaer ,wilfriedbinn@t-online.de,www.kevelaerer-tafel.de
Kieler Tafel e.V.Schwedendamm 09 24143 Kiel ,info@kielertafel.de,www.kielertafel.de
Kirchheim-Heimstettener Tafel e.V.Hauptstraße 35 Ausgabestelle: Jugendzentrum JUZ 85551 Kirchheim ,,www.ki-hei-ta.de
Kirchheimbolander TafelDannenfelser Straße 40 a 67292 Kirchheimbolanden ,tafel@kv-kibo.drk.de,www.kv-kibo.drk.de
Kirchheimer Tafel1 Henriettenstraße 88 (kein Mitglied im Bundesverband Deutsche Tafel e.V.) 73230 Kirchheim unter Teck ,klaus.roth@kv-nuertingen.drk.de,
Kirner Tafel e.V.Langgasse 4 55606 Kirn ,tafel@kirn.de,www.tafel.kirn.de
Kissinger Tafel e.V.1 Salinenstraße 5 97688 Bad Kissingen ,info@kissinger-tafel.de,http://www.kissinger-tafel.de
Kitzinger Tafel e.V.Äußere Sulzfelder Straße 16 97318 Kitzingen ,info@kitzinger-tafel.de,
Klever Tafel1 Briener Str. 6 47533 Kleve ,klever-tafel@t-online.de,
Koblenzer Tafel e.V.Kemmertstr. 1 56072 Koblenz ,jneitzer@rz-online.de,
Kolbermoorer TafelCarl-Jordan-Straße 4b + 6b 83059 Kolbermoor ,dagmar.badura@diakonie-rosenheim.de,
Kölner Tafel e.V.Kirschbaumweg 18 A 50996 Köln ,info@koelner-tafel.de,www.koelner-tafel.de
Königs Wusterhausener TafelScheederstraße 9-10 15711 Königs Wusterhausen ,ase-koenigswusterhausen@alv-brandenburg.de,
Königsbrunner TafelBürgermeister-Wohlfahrt-Str. 41b 86343 Königsbrunn ,koenigsbrunner.tafel@gmx.de,www.koenigsbrunner-tafel.de
Königswinterer Tafel1 Küferweg 5 53639 Königswinter ,peter.sieler@awo-bnsu.de,www.awo-bonn-rhein-sieg.de
Konstanzer TafelMax-Stromeyer-Str. 1 78467 Konstanz ,info@konstanzertafel.de,www.konstanzertafel.de
Korbacher Tafel e. V.Ermighäuser WEg 57 34497 Korbach ,info@korbacher-tafel.de,www.korbacher-tafel.de
Köthener Tafel e. V.Friedrich-Ebert-Str. 29 06366 Köthen ,ronald.kurek@vhsbw.de,
Krefelder Tafel e.V.Friedrich-Ebert-Straße 160 Tafelladen: Schönwasserstr. 184 47800 Krefeld ,krefelder-tafel@t-online.de,www.krefelder-tafel.de
Kropper Tafel1 Johannes-Allee 16 Haus Bethesda-Diakonie 24848 Kropp ,Tafel.Kropp@johanniter.de,
Kulmbacher Tafel e. V.Blaicher Straße 20 Ausgabestelle 95326 Kulmbach ,elfriede.hoehn@gmx.de,www.kulmbacher-tafel.de
Künzelsauer TafelAmrichshäuser Straße 4 c/o Diakonische Bezirksstelle 74653 Künzelsau ,info@diakonie-kuenzelsau.de,www.diakonie-kuenzelsau.de
Kürtener Tafel e. V.Wipperfürther Str. 145 51515 Kürten ,kuertener-tafel@t-online.de,
Kuseler Tafel e. V.1 Industriestr. 45 66869 Kusel ,info@kuseler-tafel.de,www.kuseler-tafel.de
Laatzener Tafel für Hemmingen, Laatzen und Pattensen e.V.Karlsruher Straße 14 30880 Laatzen ,info@laatzener-tafel.de,www.laatzener-tafel.de
Lahrer TafelSchwarzwaldstr. 6 77933 Lahr ,ingrid.schatz@diakonie.ekiba.de,
Laichinger Tafel1 Im Bussen 11 89150 Laichingen ,karin.berweck@gmx.de,
Lampertheimer TafelGewerbestraße 11 a 68623 Lampertheim ,gabriele.luebbe@dw-b.de,www.lampertheimer-tafel.de
Landauer Tafel e. V.Friedrich-Ebert-Str. 13 76829 Landau ,landauertafel-baudisch@web.de,www.landauer-tafel.de
Landesverband der Hessischen Tafeln e.V.Kirchstr. 7 35576 Wetzlar ,willi.schmid@t-online.de,www.tafel-hessen.de
Landesverband der Tafeln Bayerns e.V.Roggensteiner Straße 23e 82140 Olching ,haupka.tafel@t-online.de,
Landesverband der Tafeln in Baden-WürttembergHeilbronner Str. 180 70191 Stuttgart ,wolfhart.vonzabiensky@tafel-baden-wuerttemberg.de,www.tafel-baden-wuerttemberg.de
Landesverband der Tafeln in Berlin-Brandenburg-Prignitzer Tafel e. V.Wilsnacker Str. 46 19348 Perleberg ,prignitzertafeln@gmx.de,
Landesverband der Tafeln in Mecklenburg-Vorpommern e. V.Friedensstr. 17 c/o Warener Tafel e. V. 17192 Waren ,hoffmann@warener-tafel.de,
Landesverband der Tafeln in Niedersachsen und Bremen e. V.Bremer Str. 30 c/o Wittmunder Tafel 26409 Wittmund ,karl-heinz.krueger@t-online.de,www.tafel-niedersachsen.de
Landesverband der Tafeln in Niedersachsen und Bremen e. V., zuständig für Nds. SüdMenzelweg 7 31275 Lehrte ,juttaguenter.meyer@t-online.de,www.tafel-niedersachsen.
Landesverband der Tafeln in Niedersachsen und Bremen e. V., zuständig für Nds./HB OstLeinstraße 16 31582 Nienburg (Weser) ,nienburger-tafel@gmx.de,www.tafel-niedersachsen.de
Landesverband der Tafeln in Niedersachsen und Bremen e. V., zuständig für Region Nds. WestLignitzer Str. 4 48529 Nordhorn ,wolfgang.vox@nordhorner-tafel.de,www.tafel-niedersachsen.de
Landesverband der Tafeln in Sachsen-Anhalt e. V.1 Karl-Schmidt-Str. 9-11 39124 Magdeburg ,kontakt@tafeln-sachsen-anhalt.de,http://tafeln-sachsen-anhalt.de/
Landesverband der Tafeln in Schleswig-Holstein / Hamburg e.V.Schwedendamm 9 24143 Kiel ,lvshhh-hildebrandt@hotmail.com,
Landesverband der Tafeln in Schleswig-Holstein / Hamburg e.V.Schwedendamm 9 24143 Kiel ,lvshhh-hildebrandt@hotmail.com,
Landesverband der Tafeln Rheinland-Pfalz und Saarland c/o Bad Kreuznacher TafelBaumgartenstr. 5 c/o Bad Kreuznacher Tafel 55543 Bad Kreuznach ,vorsitzende@tafeln-lv-rlps.de,
Landesverband der Thüringer Tafeln e. V.Bahnhofstr. 15 99084 Erfurt ,vorstand@thueringer-tafeln.de,
Landesverband Nordrhein-WestfalenSteeler Str. 137 c/o Essener Tafel 45123 Essen ,w.weilerswist@tafeln-nrw.de,
Landesverband Sächsische Tafeln e. V.Messering 20 01067 Dresden ,info@landesverband-saechsische-tafeln.de,http://www.landesverband-saechsische-tafeln.de
Landsberger Tafel e. V.Von-Kühlmannstraße 25 86899 Landsberg am Lech ,landsberger-tafel@gmx.de,www.landsberger-tafel.de
Landshuter TafelInnere Münchener Str. 12 84036 Landshut ,info@landshuter-tafel.de,www.landshuter-tafel.de
Landstuhler TafelAm Feuerwehrturm 6 66849 Landstuhl ,nickolaus@kv-kl-land.drk.de,www.kv-kl-land.drk.de
Langenauer Tafel1 Karlstraße 17 89129 Langenau ,birgit@erodiertechnik.de,
Langener Tafel e.V.Carl-Schurz-Str. 14 63225 Langen ,info@langener-tafel.de,www.langener-tafel.de
Langenhagener Tafel e.V.Sonnenweg 17 30851 Langenhagen ,info@langenhagener-tafel.de,www.langenhagener-tafel.de
Langenzenner Tafel e. V.1 Nürnbergerstr. 29 90579 Langenzenn ,kontakt@langenzenner-tafel.de,www.langenzenner-tafel.de
Langerweher Tafel e. V.1 Bonsdorfer Str. 5 52379 Langerwehe ,post@langerweher-tafel.de,www.langerweher-tafel.de
Lathener TafelHauptstr. 39 49767 Lathen ,agatz.bruns@t-online.de,www.Lingener-Tafel.de/Lathen
Lauda-Königshöfer TafelJosef-Schmitt-Str. 42a 97922 Königshofen ,lauda-koenigshoefer-tafel@diakonie-tbb.de,www.diakonie-tbb.de
Lauenburger Tafel e.V.Moorring 19 c 21481 Lauenburg ,Friederike@Betge.de,www.lauenburger-tafel.de
Laufener TafelSpannbruckerplatz 6 83410 Laufen ,pv-laufen@erzbistum-muenchen.de,
Lautaer TafelFriedrich-Engels-Str. 42 02991 Lauta ,frech.lauta@web.de,
Lauterbacher Tafel e. V.Alter Steinweg 7 Ausgabestelle 36341 Lauterbach ,lauterbacher-tafel@t-online.de,www.lauterbacher-tafel.de
Lauterecker Tafel e.V.Saarbrücker Straße 61 67742 Lauterecken ,hanshabermann@aol.com,
Lebacher Tafel1 Mottener Str. 3 66822 Lebach ,tafel.lebach@gmx.de,www.caritas-saarlouis.de
Leeraner Tafel1 Friesenstr. 66 26789 Leer /Ostfriesland ,tafel.poppen@twleer.de,www.leeraner-tafel.de
Lehrter Tafel e. V.1 Gartenstraße 6a/6b 31275 Lehrte ,lehrter-tafel@gmx.de,
Leichlinger Tafel e. V.Moltkestraße 25 42799 Leichlingen ,info@leichlinger-tafel.de,www.leichlinger-tafel.de
Leimener TafelKurpfalzstraße 5 69181 Leimen ,kuhn.elektro.gmbh@t-online.de,
Leinefelder TafelJahnstr. 12-16 37327 Leinefelde ,vdbeichsfeld@aol.com,
Leipziger Tafel e.V.Jordanstr. 5a 04177 Leipzig ,kontakt@leipziger-tafel.de,www.leipziger-tafel.de
Lengericher Tafel e.V.Bogenstraße 2 49525 Lengerich ,renate.volkwein@osnanet.de,www.lengericher-tafel.de
Lenggrieser TafelWeidenlohstraße 2 e 83661 Lenggries ,opitzulrich@aol.com,
Leonberger TafelWilhelmstrasse 39 71229 Leonberg ,tafel@diakonie-leonberg.de,
Leutkircher TafelIsnyer Str. 5/1 88299 Leutkirch ,kuon@drk-kv-wangen.de,www.leutkircher-tafel.de
Leverkusener Tafel e.V.Dönhoffstraße 103 51373 Leverkusen ,leverkusener-tafel-ev@t-online.de,www.leverkusener-tafel.de
Lichtenfelser Tafel1 Hutweidstraße 3 96247 Michelau ,kreische@diakonie-klm.de,www.diakonie-klm.de
Lilienthaler Tafel e.V.1 Moorhauser Landstr. 41 28865 Lilienthal ,tafellilienthal@aol.com,www.lilienthaler-tafel.de
Lindauer Tafel1 Freihofstr. 5 88131 Lindau ,harald.thomas@caritas-lindau.de,www.caritas-lindau.de
Lindenberger TafelFischergasse 1 88131 Lindau ,harald.thomas@caritas-lindau.de,
Lingener Tafel e.V.1 Langschmidtsweg 17a 49808 Lingen ,info@lingener-tafel.de,www.lingener-tafel.de
Lintforter Tafel1 Friedrich-Heinrich Allee 14 47475 Kamp-Lintfort ,e.stuening@grafschafter-diakonie.de,www.diakonie-moers.de
Linzer Tafel e.V.Oberlöh 36 53545 Linz ,werner.doetsch@t-online.de,
Lippstädter TafelKlosterstr. 5 59555 Lippstadt ,karbowski@caritas-soest.de,www.caritas-soest.de
Lohmarer TafelKirchstr. 26 53797 Lohmar ,lohmarer-tafel@web.de,www.skm-rhein-sieg.de
Lohner Tafel e.V.Bakumer Str. 13 49393 Lohne ,lohner.tafel@ewetel.net,www.lohner-tafel.de
Lohrer Tafel1 Jahnstr. 15-17 97816 Lohr am Main ,info@lohrer-tafel.de,www.lohrer-tafel.de
Löninger Tafel e. V.1 Haselünner Str. 3 49624 Löningen ,tafelausgabe@ewetel.net,www.loenninger-tafel.de
Lübbecker Land TafelBeuthener Str. 10 32339 Espelkamp ,luebbecker-land-tafel@alz-minden.de,www.alz-minden.de
Lübbener TafelBreitscheidtstraße 4 15907 Lübben ,sozailakademie@asf-brandenburg.de,www.asf-brandenburg.de
Lübecker Tafel e.V.1 Schulstraße 8 23568 Lübeck ,info@luebeckertafel.de,www.luebeckertafel.de
Lüchow-Dannenberger Tafel e. V.Hindenburgstr. 8 Ausgabestellen: Alter Bahnhof in Lüchow; Rosmarienstraße 3 in Dannenberg 29439 Lüchow ,goede-wolfgang@t-online.de,
Luckauer TafelLange Str. 12 15926 Luckau ,info@asf-brandenburg.de,www.asf-brandenburg.de
Luckenwalder Tafel1 Brandenburger Str. 13 14943 Luckenwalde ,tafel-luckenwalde@alv-brandenburg.de,www.alv-brandenburg.de
Lüdenscheider Tafel e.V.Altenaer Str. 23 58507 Lüdenscheid ,info@tafel-luedenscheid.de,www.luedenscheider-tafel.de
Lüdinghauser Tafel e.V.1 Alte Valve 4 59348 Lüdinghausen ,luedinghauser-tafel@versanet.de,www.luedinghauser-tafel.de
Ludwigshafener Tafel1 Bayreuther Straße 35 67059 Ludwigshafen ,ludwigshafener.tafel@t-online.de,www.vehra-lu.de
LudwigsTafel e.V.1 Lindenstr. 25 71638 Ludwigsburg ,info@ludwigstafel.de,www.ludwigstafel.de
Lüneburger Tafel e.V.Im Tiefen Tal 64 21339 Lüneburg ,tafel@luenecom.de,www.lueneburger-tafel.de
Lütjenburger Tafel1 Oberstr. 6 24321 Lütjenburg ,info@ploener-tafel.de,www.ploener-tafel.de
Magdeburger TafelKarl - Schmidt - Str. 9-11 39104 Magdeburg ,info@aqb-md.de,www.aqb-md.de
Mainburger TafelStrassäcker 01 84048 Mainburg ,rosmarie.g@web.de,
Maintaler TafelNeckarstraße 13 63477 Maintal ,tafel@buergerhilfe-maintal.de,buergerhilfe-maintal.de
Mainzer Tafel e.V.1 Heidelbergerfaßgasse 016 55116 Mainz ,info@mainzer-tafel.de,www.mainzer-tafel.de
Malchiner TafelRudolf-Fritz-Straße 1a 17139 Malchin ,frank.korrmann@sozialwerk.net,www.sozialwerk.net
Manchinger Tafel e. V.Ursinusstr. 1 85077 Manching ,manchinger.tafel@web.de,
Mannheimer TafelLagerstraße 5-7 68169 Mannheim ,hubert.mitsch@kv-mannheim.drk.de,www.mannheimertafel.de/
Marbacher TafelNiklastorstraße 20 71672 Marbach ,Marbacher.Tafel@web.de,www.marbacher-tafel.de
Marburger Tafel e.V.Ernst-Giller-Straße 20 35093 Marburg ,info@marburgertafel.de,www.marburgertafel.de
Markdorfer TafelAm Stadtgraben 18 88677 Markdorf ,markdorfer-tafel@t-online.de,www.ekima.de/html/markdorfer_tafel349.html
Markgräfler Tafel e. V.1 Klosterrunsstraße 17 a 79379 Müllheim ,info@markgraefler-tafel.de,www.markgraefler-tafel.de
Marktheidenfelder TafelFriedenstr. 42 97828 Marktheidenfeld ,info@marktheidenfelder-tafel.de,www.marktheidenfelder-tafel.de
Marktoberdorfer TafelAngerstraße 01 87616 Marktoberdorf ,info@caritas-oal.de,
Marktredwitzer Tafel e.V.1 Franz-Schubert-Str. 18 Tafelladen 95615 Marktredwitz ,,
Marler Tafel e. V.Lipper Weg 071 45770 Marl ,info@marler-tafel.de,marler-tafel.de
Mayener TafelOstbahnhofstraße 50 56727 Mayen ,michels-proft-i@caritas-mayen.de,
Mechernicher Tafel e.V.Arenbergstr. 11 53894 Mechernich ,w.weilerswist@web.de,
Meerbuscher Tafel1 Berta-Benz-Straße 18 40670 Meerbusch ,dirk.thorand@meerbusch-hilft.de,
Meinerzhagener TafelKirchstr. 17 Ausgabestelle: Inselweg 1 58540 Meinerzhagen ,klaus@kemper-kohlhase.de,
Meininger TafelErnststr. 7 98617 Meiningen ,info@sozialwerk-meiningen.de,www.sozialwerk-meiningen.de
Meißner TafelKynastweg 20 01662 Meißen ,info@meissnertafel.de,www.meissnertafel.de
Meitinger TafelWerner-von-Siemens-Straße 2 86405 Meitingen ,c.moeritz@sozialstation-meitingen.de,
Meldorfer TafelGrabenstr. 14 a 25704 Meldorf ,info@hoelp.de,www.hoelp.de
Meller Tafel e.V.Am Bahnhof 1 49324 Melle ,vorstand@meller-tafel.de,www.meller-tafel.de
Melsunger Tafel1 Schlothweg 3 34212 Melsungen ,info@melsunger-tafel.de,www.melsunger-tafel.de
Memminger TafelHintere Gerbergasse 10 87700 Memmingen ,skm-memmingen@t-online.de,
Mengener Tafel / Martinslädle1 Posener Weg 17 88512 Mengen ,,
Meppener Tafel1 Heideweg 21 49716 Meppen ,meppen@lingener-tafel.de,www.lingener-tafel.de
Meringer TafelHerzog-Wilhelm-Str. 5 86415 Mering ,st.michael.mering@bistum-augsburg.de,
Merziger Tafel1 Am Feldchen 10 66663 Merzig ,merzig@ekir.de,
Mescheder TafelSteinstr. 12 59872 Meschede ,m.rosenkranz@caritas-meschede.de,
Meßkircher Tafel1 Hauptstr. 20 88605 Meßkirch ,tafel-messkirch@kv-sigmaringen.de,
Mettmanner Tafel1 Römerstr. 2 40822 Mettmann ,g.fleter@diakonie-kreis-mettmann.de,www.diakonie-kreis-mettmann.de/cm/index.php?id=39
Metzinger TafelFriedrichstr. 8 72555 Metzingen ,dbs-metzingen@kirch-reutlingen.de,www.diakonie-reutlingen.de
Miesbacher Tafel1 Wendelsteinstr. 9 83712 Miesbach ,tafel@kvmiesbach.brk.de,www.brk-miesbach.de
Mindelheimer Tafel1 Bürgermeister-Krach-Str. 4 87719 Mindelheim ,mindelheimer.tafel@t-online.de,
Mindener Tafel e. V. / St. MartinHohenzollernring 36 32427 Minden ,mindener.tafel@t-online.de,
Mitterteicher Tafel e.V.Wiesauer Str. 20 95666 Mitterteich ,tafel.mitterteich@online.de,www.mitterteichertafel.de
Mittweidaer TafelIndustrieweg 08 09648 Mittweida ,mittweidaer.tafel@netzwerk-mittweida.de,www.mittweidaer-tafel.de
Möckeraner TafelMagdeburger Straße 35 39291 Möckern ,wolfgang.auerbach@t-online.de,
Moerser Tafel e. V.Klever Straße 26 47441 Moers ,,
Möhringer TafelFilderbahnstr. 53 70567 Stuttgart ,mail@stuttgarter-tafel.de,schwaebische-tafel-stuttgart.de
Möllner TafelGadebuscher Str. 13 Gemeindezentrum Heilig-Geist 23879 Mölln ,,
Mönchengladbacher Tafel e. V.Fleenerweg 048 41065 Mönchengladbach ,mg-tafel@t-online.de,www.mg-tafel.de
Monheimer TafelBrandenburger Allee 25 St. Johannes-Haus 40789 Monheim am Rhein ,info@skfm-monheim.de,skfm-monheim.de/tafel.htm
Monschauer Tafel e. V.1 Am Handwerkerzentrum 1 52156 Monschau ,monschauer-tafel@web.de,
Moosburger TafelKastulusplatz 02 85368 Moosburg ,julsch@online.de; guenter.Miss@caritasmuenchen.de,
Mosbacher TafelSulzbacher Straße 17 74821 Mosbach ,tafelladen@drk-mosbach.de,www.drk-mosbach.de
Mössinger Tafel e.V.Butzenbadstr. 67 72116 Mössingen ,,
Mucher Tafel1 Doluuenser Str. 14 c/o Rosa Jansen 53804 Much ,rosae.jansen@gmx.de,www.mucher-tafel.de
Mühlacker Tafel e.V.Industriestr. 16 75417 Mühlacker ,muehlacker-tafel@t-online.de,www.tafelladen-muehlacker.de
Mühldorfer TafelMühlenstraße 22 84453 Mühldorf ,d_kuenzel@hotmail.com,
Mühlhäuser TafelAm Güterbahnhof 06 99974 Mühlhausen ,diakonie-muehlhausen@t-online.de,www.diakonie-muehlhausen.de
Mülheimer TafelGeorgstraße 28 45468 Mülheim / Ruhr ,werner@diakoniewerk-muelheim.de; farrenberg@diakoniewerk-muelheim.de,www.diakoniewerk-muelheim.de
Münchner Tafel e.V.Thalkirchner Straße 81 Großmarkthalle, Kontorhaus 1, Zi.226 (kein Mitglied im Bundesverband Deutsche Tafel e.V.) 81371 München ,info@muenchner-tafel.de,www.muenchner-tafel.de
Mündener Tafel e. V.Welfen 5 34346 Hann. Münden ,dw.muenden@evlka.de,www.diakonie-muenden.de
Mündersche Tafel e. V.1 Am Theenser Anger 37 31848 Bad Münder ,info@muendersche-tafel.de,http://www.muendersche-tafel.de
Münsinger TafelWolfgartenstraße 16 72525 Münsingen ,info@diakonie-muensingen.de,www.diakonie-reutlingen.de/
Münster Tafel e.V.Weseler Straße 370 A 48163 Münster ,kontakt@muenster-tafel.de,www.muenster-tafel.de
Munsteraner TafelDr. Hermann-Marcks-Str. 9 Ausgabe: Marienburger Str. 1 29633 Munster ,munsteraner-tafel@t-online.de,www.munsteraner-tafel.de
Murrhardter Tafel e. V.1 Fritz-Murrhardt-Str. 35/1 71540 Murrhardt ,mueller300749@t-online.de,
Nastätter Tafel56355 Nastätten ,pommerenke@dwbadems.de, krebs@dwbadems.de,
Nauener Tafel e.V.Ritterstraße 3 14641 Nauen ,,
Naumburger Tafel e.V.Wenzelsstraße 11/12 06618 Naumburg ,info@tafel-naumburg.de,www.tafel-naumburg.de
Neckargemünder Tafel e.V.Neckarsteinacher Str. 14 69151 Neckargemünd ,ritahuetter@gmx.de,www.neckargemuender-tafel.de
Neckarsulmer TafelRathausstraße 28 74172 Neckarsulm ,tafel@diakonie-heilbronn.de,
Nettetaler Tafel e.V.Eichendorffstr. 20 41334 Nettetal ,hans.aldenkirchs@gmx.de,www.nettetaler-tafel.de
Neu-Ulmer TafelReuttier Str. 17 89231 Neu-Ulm ,kast@kvneu-ulm.brk.de,
Neubrandenburger Tafel e. V.Otto-Lilienthal-Str. 49 17036 Neubrandenburg ,nb1-tafel@t-online.de,
Neuburger Tafel e.V.Am Schwalbanger 7a 86633 Neuburg / Donau ,neuburgertafel@gmx.de,www.neuburgertafel.jimdo.com
Neue Grevesmühler Tafel e.V.1 Wismarsche Straße 18 23936 Grevesmühlen ,Tisch-gvm@t-online.de,
Neukirchen-Vluyner Tafel e. V.Bendschenweg 86 47506 Neukirchen-Vluyn ,tafel.n-vluyn@t-online.de,
Neumünsteraner Tafel e.V.Kieler Str. 45 24534 Neumünster ,tafelkontakt@tafel-nms.de,www.tafel-nms.de
Neunkirchen-Seelscheider TafelPfarrer-Julius-Smend-Platz 3 53819 Neunkirchen-Seelscheid ,gemeindehaus@seelscheid.de,www.seelscheid.de
Neunkirchener Tafel e.V.Kölner Straße 241 57290 Neunkirchen ,elke.rink@t-online.de,www.neunkirchener-tafel.de
Neunkircher TafelSchloßstr. 1 66538 Neunkirchen ,t.moersdorf@caritas-nk.de,www.neunkircher-tafel.de
Neuruppiner TafelBullenwinkel 16816 Neuruppin ,ase-neuruppin@alv-brandenburg.de,
Neusässer Tafel e.V.von-Rehlingen-Str. 42 86356 Neusäss ,neusaesser-tafel@web.de,
Neusser Tafel e. V.Düsseldorfer Str. 50 41460 Neuss ,neussertafel@yahoo.de,www.neusser-tafel.de
Neustädter TafelDresdner Str. 33 01844 Neustadt ,tafel-neustadt-sachsen@t-online.de,
Neustädter Tafel e. V.1 Sandberger Weg 76 23730 Neustadt ,neustaedter.tafel.e.v@t-online.de,www.tafel-neustadt.de
Neustadter-Haßlocher Tafel e.V.1 Gartenstr. 19 67433 Neustadt ,info@neustadter-hasslocher-tafel.de,www.neustadter-tafel.de
Neustrelitzer Tafel e.V.Bruchstr. 15 Borwinheim 17235 Neustrelitz ,t.hildebrandt2@freenet.de,
Neuwieder TafelBlücherstraße 56564 Neuwied ,verband@caritas-neuwied.de,
Nienburger TafelLeinstr. 16 Eingang Neue Wallstr. 31582 Nienburg (Weser) ,nienburger-tafel@gmx.de,www.nienburger-tafel.de
Nordenhamer TafelViktoriastr. 20 (kein Mitglied im Bundesverband Deutsche Tafel e.V.) 26954 Nordenham ,alznordenham@web.de,
Norder TafelNorddeicher Str. 146 26506 Norden ,tagesaufenthalt@diakonie-norden.de,www.diakonie-norden.de
Norderstedter Tafel e.V.Schützenwall 49 22844 Norderstedt ,info@norderstedter-tafel.de,www.norderstedter-tafel.de
Nordhäuser Tafel e.V.1 Grimmelallee 027 99734 Nordhausen ,ndh_tafel@t-online.de,
Nordhorner Tafel e. V.Gildehauser Weg 86 48529 Nordhorn ,info@nordhorner-tafel.de,www.nordhorner-tafel.de
Nördlinger Tafel1 Kolpingstr. 1 86720 Nördlingen ,tafel@cadw-noerdlingen.de,
Northeimer Tafel e.V.1 Rückingsanger 05 37154 Northeim ,northeimer.tafel@arcor.de,www.northeimer-tafel.de
Nortorfer Tafel1 Neue Str. 11 24589 Nortorf ,,
Nürnberger Land Tafel e.V.1 Lohweg 75 90537 Feucht ,mail@nuernberger-land-tafel.de,www.nuernberger-land-tafel.de
Nürnberger Tafel e.V.Kreutzerstr. 82 90439 Nürnberg ,info@nuernberger-tafel.de,www.nuernberger-tafel.de
Nürtinger TafelMönchstr. 10 72622 Nürtingen ,reeb@caritas-fils-neckar-alb.de,www.caritas-fils-neckar-alb.de
Oberbergische Tafel e. V. (Gummersbach)Karlstr. 12 51643 Gummersbach ,info@oberbergische-tafel.de,www.oberbergische-tafel.de
Oberderdinger TafelSternenfelser Straße 39 75038 Oberderdingen ,gerlindfuchs@yahoo.de,
Oberhausener Tafel e.V.1 Gustav Str. 54 46049 Oberhausen ,info@dieoberhausenertafel.de,www.dieoberhausenertafel.de
Oberkircher TafelAppenweierer Str. 1 77704 Oberkirch ,info@oberkircher-tafel.de,www.oberkircher-tafel.de
Oberlausitzer Tafel e.V.1 Görlitzer Straße 24 02763 Zittau ,info@oberlausistzertafel.de,www.oberlausitzertafel.de
Oberndorfer TafelHafenmarkt 02 78727 Oberndorf ,bianca.zeder@gmx.de,
Oberviechtacher Tafel e. V.1 Karfreitaggasse 13 (Metzgerei Suckart) 92526 Oberviechtach ,oberviechtacher-tafel@arcor.de,www.oberviechtacher-tafel.de
Ochsenfurter Tafel e.V.Schlesierstr. 33 97340 Marktbreit ,l.zitzmann@freenet.de,www.ochsenfurter-tafel.de
Ochtruper Tafel e. V.1 Bergstr. 11 Eingang Westwall 3 48607 Ochtrup ,harryehmke@web.de,www.ochtruper-tafel.de
Offenburger Tafel e.V.1 Am Unteren Mühlbach 1 77652 Offenburg ,info@offenburger-tafel.de,www.Offenburger-Tafel.de
Öhringer TafelMarktplatz 23 Kreisdiakonieverband Hohenlohekreis 74613 Öhringen ,,www.diakonie-kuenzelsau.de
Olchinger-Maisacher Tafel1 Hauptstr. 82 82140 Olching ,info@buergerstiftung-lkr-ffb,www.buergerstiftung-lkr-ffb.de
Oldenburger Tafel e. V. / HolsteinWeidenkamp 2 a 23758 Oldenburg (Holstein) ,tafel.oldenburg.holstein@t-online.de,
Oldenburger Tafel e.V.Kaiserstraße 14 26122 Oldenburg ,email@oldenburger-tafel.de,www.oldenburger-tafel.de
Oldesloer Tafel / EfA e.V.Turmstraße 14a 14a 23843 Bad Oldesloe ,info.oldesloertafel@online.de. clou@jetbo.de,www.oldesloertafel-efa.de
Oppenheimer Tafel e. V.1 Rheinstraße 37 55276 Oppenheim ,mh@stadt-oppenheim.de,
Oranienburger TafelStelitzer Str. 5-6 16515 Oranienburg ,ase-oranienburg@alv-brandenburg.de,
Oschatzer Tafel e.V.Lichtstraße 6 04758 Oschatz ,info@oschatzer-tafel.de,www.oschatzer Tafel.de
Oscherslebener TafelSchermcker Straße 6 39387 Oschersleben ,familienzentrum@drkoschersleben.de,
Osnabrücker Tafel e.V.Schlachthofstr. 1 49074 Osnabrück ,welcome@osnabruecker-tafel.de,www.osnabruecker-tafel.de
Osterhofener Tafel1 Luitpoldplatz 18 94486 Osterhofen ,osterhofener.tafel@t-online.de,
Osterholzer Tafel1 Kirchenstr. 5 27711 Osterholz-Scharmbeck ,norbert.mathy@evlka.de,www.diakonisches-werk-ohz.de
Osteroder Tafel e. V.Abgunst 9 37520 Osterode ,osteroder-tafel@t-online.de,www.osteroder-tafel.de
Ostlippische TafelObere Straße 49 32683 Barntrup ,tafel@barntrupkg.de,www.ostlippische-tafel.de
Overather Tafel e.V.Hauptstr. 98 51491 Overath ,overather.tafel@netcologne.de,www.overather-tafel.de
Paderborner Tafel e.V.Bayernweg 58 33102 Paderborn ,info@paderborner-tafel.de,www.paderborner-tafel.de
Papenburger TafelGraderweg 58 26871 Papenburg ,naujok@skfm-papenburg.de,www.skfm-papenburg.de
Parchimer Tafel e.V.Flörkestraße 44 19370 Parchim ,ra.doller@anwalt-parchim.de,
Pasewalker TafelScheringerstraße 6 17309 Pasewalk ,alv-sb-uer@t-online.de,
Passauer Tafel1 Große Messergasse 1 94032 Passau ,url_r@caritas-passau.de,
Pegnitzer Tafel e. V.1 Eichenacker 7 91257 Pegnitz ,helga.koch@arcor.de,www.pegnitzer-tafel.de
Peiner TafelBraunschweiger Straße 56 Ausgabestelle 31224 Peine ,peinertafel@kirche-peine.de,www.peinertafel.de
Peitzer TafelDammzollstr. 52b 03185 Peitz ,sedlick.a@t-online.de,www.wergev.de
Penkuner TafelAm Markt 12 17328 Penkun ,info@ejs-penkun.de,www.ejs-penkun.de
Penzberger TafelSigmundstraße 16 (kein Mitglied im Bundesverband Deutsche Tafel e.V.) 82377 Penzberg ,kontakt@penzberger-tafel.de,
Perleberger Tafel e.V.Wilsnacker Str. 46 19348 Perleberg ,,
Pfaffenhofener TafelDraht 19 85276 Pfaffenhofen ,tafel@pfaffenhofen.de,www.pfaffenhofenertafel.de
Pforzheimer TafelZeppelinstr. 16 Kelterstr. 107 75175 Pforzheim ,gbe-pforzheimertafel@stadt-pforzheim.de,www.gbe-pforzheim.de
Pfullendorfer TafelUttengasse 25 88630 Pfullendorf ,bosch.heinz@online.de,
Philippsburger Tafel1 Udenheimer Str. 2 76661 Philippsburg ,tafelladen@caritas-bruchsal.de,www.caritas-bruchsal.de
Pinneberger Tafel e. V.Kirchhofsweg 53a 25421 Pinneberg ,Birgit_Dietrich.Drechsler@t-online.de,
Pirmasenser Tafel e.V.Werner-Egk-Straße 3 66955 Pirmasens ,info@pirmasender-tafel.de,pirmasenser-tafel.de
Pirnaer Tafel1 Tischerplatz 16 01796 Pirna ,pirnaer.tafel@gmx.de,www.pirnaer-tafel.info
Plauener TafelSchloßstr. 15 - 17 08523 Plauen ,ali-sachsen@t-online.de,
Plettenberger TafelSchubertstraße 5 58840 Plettenberg ,,
Plettenberger TafelBahnhofstraße 25 58840 Plettenberg ,diakonisches-werk-plettenberg@t-online.de,
Plöner Tafel e.V.Bahnhofstraße 6 24306 Plön ,info@ploener-tafel.de,www.ploener-tafel.de
Pockinger Tafel e. V.1 Professor-Dieß-Str. 32 Ecke Brunnenweg 94060 Pocking ,pockinger-tafel@t-online.de,www.pockinger-tafel.de
Poinger Tafel1 Gotenweg 10 Ausgabestelle : Ev. Kirche , Gebr.-Asam-Straße 6 85586 Poing ,poingertafel@aol.com,www.poinger-tafel.de
Portaner Tafel1 Hauptstr. 58 32457 Porta Westfalica ,porta@alz-minden.de,www.alz-minden.de
Pößnecker TafelAm Teichrasen 070 07381 Pößneck ,geschaeftsstelle@vs-poessneck.de,www.vs-poessneck.de/site1101.htm
Pößnecker Tafel e.V.Saalfelder Straße 13 07381 Pößneck ,Poessneckertafel@aol.com,www.poessneckertafel.de
Potsdamer Tafel e.V.Geschwister-Scholl-Straße 83 14471 Potsdam ,info@potsdamer-tafel.de,www.potsdamer-tafel.de
Preetzer Tafel e.V.Gasstraße 25 24211 Preetz ,info@Preetz-Tafel.de,
Prenzlauer TafelKietzstr. 20 17291 Prenzlau ,,
Pritzwalker TafelBergstraße 14 16928 Pritzwalk ,,
Prümer Tafel1 Tiergartenstraße 31 54595 Prüm ,Pruemer-Tafel@gmx.de,www.caritas-westeifel.de
Puchheimer-Eichenauer Tafel1 Am Grünen Markt 7 82178 Puchheim ,info@buergerstiftung-lkr-ffb,www.buergerstiftung-lkr-ffb.de
Puderbacher Tafel e. V.1 Hauptstr. 13 56305 Puderbach ,wolfgang.mueller@puderbach.de,http://www.puderbach.de
Quakenbrücker Tafel im Artland e.V.Friedrichstraße 14 49610 Quakenbrück ,quakenbruecker-tafel@ewetel.net,www.quakenbruecker-tafel.de
Radeberger Tafel e. V.Bahnhofstr. 18 01454 Radeberg ,radeberger-tafel@t-online.de,
Radebeuler Tafel e.V.1 Altkötzschenbroda 40 Gemeindehaus der Friedenskirche 01445 Radebeul ,radebeulertafel@gmx.de,
Rastatter Tafel e. V.Stettiner Straße 17 76437 Rastatt ,t.weber@rastatter-tafel.de,www.rastatter-tafel.de
Rathenower Tafel e.V.Am Körgraben 1h 14712 Rathenow ,info@rathenower-tafel.de,www.rathenower-tafel.de
Ratinger Tafel e.V.Grütstraße 14 40878 Ratingen ,ingrid@bauer.tv,www.ratinger-tafel.de
Ratzeburger TafelSchrangenstr. 3 23909 Ratzeburg ,ratzeburger-tafel@web.de,
Raublinger TafelBahnhofstr. 6 83064 Raubling ,baumann@kvrosenheim.brk.de,
Ravensburger TafelHerrenstr. 48 88212 Ravensburg ,gerhard.krayss@rotkreuz-ravensburg.de,ravensburger-tafel.de
Recklinghäuser Tafel1 Hochstr. 93 45663 Recklinghausen ,info@skf-recklinghausen.de,
Regener TafelRinchnachmündt 246 Ausgabestelle: Bärndorferstr.8 94209 Regen ,peter.brueckl@online.de,
Regensburger Tafel e.V.1 Liebigstr. 4b 93055 Regensburg ,regensburger.tafel@t-online.de,www.regensburgertafel.de
Reichenbacher Tafel e.V.Fritz-Ebert-Straße 25 08468 Reichenbach ,info@reichenbacher-tafel.de,www.reichenbacher-tafel.de
Reinfelder Tafel1 Joachim- Mähl- Strasse 1 23858 Reinfeld ,reinfeldertafel@gmail.com,
Remchinger Tafel1 Kronenstr. 5 75196 Remchingen ,mail@diakonie-remchingen.de,www.diakonie-remchingen.de
Remscheider Tafel e.V.1 Wülfingstr. 1 42857 Remscheid ,info@tafel-remscheid.de,www.remscheider-tafel.de
Rendsburger TafelPrinzenstraße 9 24768 Rendsburg ,info@diakonie-rd-eck.de,www.diakonie-rd-eck.de
Reutlinger TafelGustav-Wagner-Straße 7 72760 Reutlingen ,rt-tafel@kirche-reutlingen.de,www.reutlinger-tafel.de
Rhauderfehner Tafel1 Birkhahnstr. 1 26817 Rhauderfehn-Klostermoor ,Ingrid_Broich@web.de,www.arbeitskreis-schule.de
Rhein-Hunsrück-Kreis Tafel e.V.1 Wohnhof am Ring 03 56288 Kastellaun ,ludwig.geissbauer@wohnhof-kastellaun.net,www.rhk-tafel.de
Rheinbach-MeckenheimerTafel e.V.Julius-Leber-Str. 28 53340 Meckenheim ,u.petersen@bn-online.net,www.rheinbacher-tafel.de
Rheinberger TafelHirschberger Weg Ausgabestelle: Pfarrheim St. Anna, An der St. Anna Kirche 1 47495 Rheinberg ,,
Rheiner TafelBirkenallee 151 48432 Rheine ,martina.schoppe@caritas-rheine.de, elke.tescher@caritas-rheine.de,www.caritas-rheine.de
Rheinfelder Tafel e. V.Nollinger Straße 7 79618 Rheinfelden ,info@rheinfelder-tafel.de,www.rheinfelder-tafel.de
Richtenberger Tafel(kein Mitglied im Bundesverband Deutsche Tafel e.V.) 18461 Richtenberg ,,
Riedlinger TafelZiegelhüttenstraße 52 88499 Riedlingen ,hppetermann@t-online.de,www.kv-biberach.de
Riesaer TafelDr.-Külz-Straße 37 01589 Riesa ,tafel@drk-riesa.de,www.drk-riesa.de
Rintelner TafelBahnhofsweg 2 31737 Rinteln ,h.niemeyer@drk-schaumburg.de,www.drk-schaumburg.de
Rockenhauser TafelKreuznacher Str. 35 (kein Mitglied im Bundesverband Deutsche Tafel e.V.) 67806 Rockenhausen ,klaus.kroll@rockenhausen.de, kontakt@diesozialstation.de,
Rommerskirchener Tafel e.V.1 Bahnstr. 38 41569 Rommerskirchen ,info@rommerskirchener-tafel.de,www.rommerskirchener-tafel.de
Rosenheimer TafelWestermayerstr. 1 weitere Ausgabestelle: Tannenbergstr. 4 83022 Rosenheim ,kasa@diakonie-rosenheim.de,
Rösrather Tafel1 Hauptstr. 16 51503 Rösrath ,gerd.wasser@gmx.net,www.evkirche-roesrath.de
Rostocker Tafel gGmbHAlter Hafen Nord 323 18069 Rostock ,info@rostocker-tafel.de,www.rostocker-tafel.de
Rotenburger TafelRathausgasse 9 27356 Rotenburg/Wümme ,hero.feenders@ewetel.net,
Rothenburger Tafel1 Wenggasse 039 91541 Rothenburg ob der Tauber ,offene-sozialarbeit.rothenburg@diakonie-ansbach.de,
Rother Tafel e. V.Friedrich-Ebert-Straße 12 91154 Roth ,info@rother-tafel.de,www.rother-tafel.de
Rottenburger TafelMarktplatz 9 72108 Rottenburg ,matthiaschneider@aol.com,www.rottenburgertafel.de
Rottenburger TafelGeorg-Pöschel-Straße 25 84056 Rottenburg ,hpeters@diakonie-landshut.de,www.diakonie-landshut.de
Rotter Tafel e.V.Meiling 33 Bauhof 83543 Rott am Inn ,rotter_tafel@web.de,http://www.rotter-tafel.de
Rotthalmünsterer TafelLindenstraße 2 94094 Rotthalmünster ,infos@ahrotthalmuenster.brk.de,
Rottweiler TafelHochmaiengasse 24 78628 Rottweil ,,
Rügener Tafel1 Störtebekerstr. 36 18528 Bergen ,dfb-bergen@freenet.de,
Ruppichtherother TafelMucherstr. 13 53809 Ruppichteroth ,r.kreuzner@email.de,
Rüsselsheimer TafelAdam-Foßhag-str. 3 65428 Rüsselsheim ,info@ruesselsheimer-tafel.de,www.ruesselsheimer-tafel.de
Saalfelder Tafel e.V.Albert-Schweitzer-Str. 142 07318 Saalfeld ,saalfelder-tafel@arcor.de,www.saalfelder-tafel.de
Saarbrücker Tafel e.V.Burbacher Markt 06 66115 Saarbrücken ,info@saarbruecker-tafel.de,www.saarbruecker-tafel.de
Saarlouiser TafelLisdorfer Straße 13 66740 Saarlouis ,info@caritas-saarlouis.de, wolfgang-biehl@dwsaar.de,www.dwsaar.de
Salzgitter Tafel e.V.Söhlekamp 1 38228 Salzgitter ,salzgitter-tafel@mittelnet.de,
Salzunger Tafel e. V.Langenfelder Str. 108 36433 Bad Salzungen ,info@salzunger-tafel.de,www.salzunger-tafel.de
Salzwedeler TafelSchillerstr. 31 29410 Salzwedel ,dw.salzwedel@t-online.de,www.salzwedeler-tafel.de
Sangerhäuser Tafel1 Bahnhofstraße 33 a 06526 Sangerhausen ,geschaeftsfuehrung@abi-sangerhausen.de,
Sankt Augustiner TafelPfarrweg 09 53757 Sankt Augustin ,St.AugustinerTafel@skm-rhein-sieg-kreis.de,www.skm-rhein-sieg.de
Schalksmühler Tafel e. V.1 Hälverstr. 78 58579 Schalksmühle ,erikaostmeyer@schalksmuehler-tafel.de,www.schalksmuehler-tafel.de
Schenefelder Tafel e. V.1 Osterbrooksweg 13a 22869 Schenefeld ,schenefelder.tafel@gmail.com,schenefelder-tafel.de/
Schleizer TafelSchulplatz 1 07907 Schleiz ,psbs-sok@nexgo.de,
Schleswiger Tafel1 Moltkestraße 025 24837 Schleswig ,schleswiger-tafel@web.de,
Schmalkalder TafelNäherstiller Str. 7 98574 Schmalkalden ,kreisstelle@diakonie-schmalkalden.de,www.diakonie-schmalkalden.de/tafel.html
Schneeberger TafelKeilbergring 10 08289 Schneeberg ,,www.awo-erzgebirge.de
Schneverdinger Tafel e. V.Am Bahnhof 1 29640 Schneverdingen ,Alfred.Hoeft@t-online.de,
Schönberger TafelEichkamp 8 a 24217 Schönberg ,schoenberger-tafel@juh-nord.de,www.juh-shnw.de
Schönenberg-Kübelberger TafelZum Krämel 7 66904 Brücken ,bgm@vgsk.rlp.de,schoenenberg-kuebelberger-tafel.de/
Schongauer TafelDominikus-Zimmermann-Straße 1 86956 Schongau ,martin.holleschovsky@herzogsaegmuehle.de,www.herzogsaegmuehle.de
Schopfheimer Tafel e. V.1 Hohe-Flum-Str. 5 79650 Schopfheim ,info@schopfheimer-tafel.de,http://www.schopfheimer-tafel.de
Schöppenstedter TafelAm Nordbahnhof 1 38170 Schöppenstedt ,tafel-schoepenstedt@gmx.net,
Schorndorfer TafelGrabenstraße 28 73614 Schorndorf ,mail@tafel-schorndorf.de,
Schortenser Tafel e. V.1 Brauerweg 2a 26419 Schortens ,schortenser-tafel@t-online.de,
Schottener Tafel e. V.1 Marktstraße 11 63679 Schotten ,a.bill@t-online.de,
Schramberger TafelRosenweg 14 78713 Schramberg ,buergerbuero@schramberg.de,
Schrobenhausener Tafel e. V.Franzensbader Str. 3 86529 Schrobenhausen ,eri.bert@web.de,www.tafel-sob.de
Schwabacher TafelSpitalberg 14 Tafelladen 91126 Schwabach ,info@fa-schwabach.de,fa-schwabach.de
Schwäbisch Gmünder TafelRinderbacher Gasse 15 Eingang Kalter Markt 73525 Schwäbisch Gmünd ,schwaebisch.gmuend@tafelladen.de,
Schwäbische Tafel Stuttgart e.V.Hauptstätterstr. 75 Projektleitung: Heiligenwiesen 6, 70327 Stuttgart-Wangen 70178 Stuttgart ,mail@stuttgarter-tafel.de,www.schwaebische-tafel-stuttgart.de
Schwabmünchner TafelMuseumstraße 20 Ausgabestelle: Caritaszentrum St. Martin, Ferdinand-Wagner-Str. 6 86830 Schwabmünchen ,andreas.claus@sozialstation-schwabmuenchen.de,
Schwalbacher Tafel1 Spechtstr. 6 65824 Schwalbach ,info@tafel-schwalbach.de,www.tafel-schwalbach.de
Schwälmer TafelErnst-Ihle-Str. 9 34613 Schwalmstadt ,info@schwaelmer-tafel.de,www.schwaelmer-tafel.de
Schwalmtaler Tafel e.V.Waldnieler Straße 18 41366 Schwalmtal ,schwalmtaler-tafel@gmx.de,www.schwalmtaler-tafel.de
Schwandorfer TafelEttmannsdorfer Straße 19 - 21 92421 Schwandorf ,Kreisverband@caritas-schwandorf.de,
Schwarzenbeker TafelBismarckstr. 9b 21493 Schwarzenbek ,Tafel@DRK-Schwarzenbek.de,www.DRK-Schwarzenbek.de
Schwarzenberger Tafel e.V.Eibenstockerstr. 31 08340 Schwarzenberg ,info@schwarzenbergertafel.de,
Schwedter TafelFlemsdorfer Str. 18 16303 Schwedt ,schutzhuette-schwedt@web.de,www.schutzhuette-schwedt.de
Schweinfurter Tafel e.V.Brombergstraße 9 97424 Schweinfurt ,mail@schweinfurter-tafel.de,www.schweinfurter-tafel.de
Schweriner Tafel e.V.1 Körnerstraße 7 19055 Schwerin ,grosch@diakonie-mv.de,
Schwerter Tafel1 Ostenstr. 17 58239 Schwerte ,jd.hedt@werkstatt-im-kries-unna.de,www.signal-schwerte.de
Schwetzinger Tafel1 Markgrafenstr. 12 68723 Schwetzingen ,info@caritas-rhein-neckar.de,
Seesener TafelBaderstr. 8 38723 Seesen ,seesener-tafel@gmx.de,www.seesener-tafel.de
Segeberger Tafel e.V.1 Efeustr. 1 23795 Bad Segeberg ,segebergertafel@googlemail.com,www.segeberger-tafel.de
Sehnder Tafel1 Peiner Straße 77 ehemaliges HASTRA-Gebäude 31319 Sehnde ,ralph.ulrich@tc-rb.de,
Selber TafelLängenauer Str. 71 a (kein Mitglied im Bundesverband Deutsche Tafel e.V.) 95100 Selb ,,
Sendener TafelBorsigstraße 3 89250 Senden ,anje.esser@ra-esser.de,
Sendener Tafel e. V.Schulze Bremer Str. 27 48308 Senden ,sendener-tafel@t-online.de; info@sendener-tafel.de,www.sendener-tafel.de
Senftenberger TafelKrankenhausstr. 15 A 01968 Senftenberg ,mgh-ilse@alv-brandenburg.de,
Siegburger TafelLuisenstraße 111 a 53721 Siegburg ,DBHSiegburg@skm-rhein-sieg.de,www.skm-rhein-sieg.de
Siegener Tafel e.V.Bismarckstr. 90 57072 Siegen ,info@siegener-tafel.de,www.siegener-tafel.de
Sigmaringer TafelAm Dettingerberg 04 72488 Sigmaringen ,tafel-sigmaringen@kv-sigmaringen.de,www.kv-sigmaringen.drk.de
Sindelfinger Tafel1 Ziegelstraße 31 71063 Sindelfingen ,tafelladen@sozialstation-sindelfingen.de,
Singener Tafel e.V.Heinrich-Weber-Platz 2 78224 Singen ,singenertafel@t-online.de,www.singenertafel.de
Sinsheimer Tafel e. V.Burggasse 5a 74889 Sinsheim ,info@sinsheimer-tafelladen.de,www.sinsheimer-tafelladen.de
Soester Tafel e.V.1 Thomästraße 74 a 59494 Soest ,michael.koenig@perthes-stiftung.de,soester-tafel.de
Solinger Tafel e.V.Ernst-Woltmann-Str. 4 42655 Solingen ,info@solinger-tafel.de,www.solinger-tafel.de
Soltauer TafelAn der Weide 40 Ausgabe: Gemeindehaus an der Lutherkirche, Birkenstr. 1 29614 Soltau ,info@soltauer-tafel.de,www.soltauer-tafel.de
Sömmerdaer Tafel1 Am Rothenbach 45 Ausgabestelle: Am Rothenbach 45, 99610 Sömmerda Mo,Di,Mi, Fr Lucas Granach Straße 1, 99610 Sömmerda Do 99610 Sömmerda ,tafel@soemmerda.de,
Sondershäuser TafelAugust-Bebel-Straße 27 Adresse Träger: Frankenhäuser Str. 64 99706 Sondershausen ,info@fau-sondershausen.de,
Sonneberger TafelMarienstraße 6 96515 Sonneberg ,info@sonneberger-tafel.de,www.diakoniewerk-son-hbn.de
Sonthofer TafelMartin Luther Straße 10b Ausgabestellen: Kirchplatz 1a, 87509 Immenstadt Oberstdorfer Straße 2, 87527 Sonthofen 87527 Sonthofen ,hedwig.besler@caritas-oberallgaeu.de,www.caritas-oberallgaeu.de/artikel/15.html
Söruper TafelBahnhofstraße 16 24966 Sörup ,helmut.friedrich@gmx.net,
Speller Tafel1 Pastor-Batsche-Weg 1 Wöhlehof 48480 Spelle ,Li_Kor@web.de,
Speyerer Tafel e.V.1 Seekatzstr. 12 67346 Speyer ,vorstand@speyerer-tafel.de,www.speyerer-tafel.de
Spremberger TafelPetrigasse 9 03130 Spremberg ,,www.asf-brandenburg.de
Springer Tafel e.V.1 Jägerallee 22 31832 Springe ,becker.e.hp@web.de,www.springer-tafel.webnode.com
St. Wendeler TafelKelsweilerstr. 14 66606 St. Wendel ,s.zimmer-lepiorz@caritas-wnd.de,
Stader TafelAm Schwingedeich 4 21680 Stade ,juz.goldapeum@web.de,www.diakonieverband-buxtehude-stade.de/dienste/tafel.php?NID=3&NID2=1
Stadthäger Tafel1 Gubener Straße 1 31655 Stadthagen ,h.niemeyer@drk-schaumburg.de,www.drk-schaumburg.de
Starnberger Tafel e.V.Kaiser-Wilhelm-Str. 18 82319 Starnberg ,info@starnbergertafel.de,www.starnbergertafel.de
Staßfurter TafelSteinstr. 33 39418 Staßfurt ,ibsev@web.de,
Staufener Tafel e.V.Bahnhofstraße 4b direkt am Bahnhof 79189 Bad Krozingen ,staufener-tafel@online.de,www.staufener-tafel.de
Steinauer/Schlüchterner Tafel e.V.Kurfürstenstraße 18 36381 Schlüchtern ,info@sst-tafel.de,
Steinfurter TafelBahnhofstr. 20 48565 Steinfurt ,janssen@dw-st.de,
Stendaler Tafel1 Adolf-Menzel-Straße 16 39576 Stendal ,atiede@paritaet-lsa.de,
Sternberger Tafel e. V.Mecklenburgring 9 19406 Sternberg ,pischel.sternberg@t-online.de,
Stockacher Tafel1 Aachbachstr. 22a 78333 Stockach ,stockachertafel@t-online.de,www.singenertafel.de
Stolberger Tafel e.V.Eschweilerstraße 12 52222 Stolberg ,stolbergertafel@netcologne.de,www.stolberger-tafel.de
Stollberger Tafel e. V.1 Hartensteiner Straße 65 09376 Oelsnitz ,info@stollberger-tafel.de; stollberger-tafeln@t-online.de,www.tafel-stollberg.de
Stralsunder Tafel1 Parkstr. 9 18437 Stralsund ,tafel@drk-ruegen-stralsund.de,www.drk-ruegen-stralsund.de
Strasburger TafelPfarrstr. 3a (kein Mitglied im Bundesverband Deutsche Tafel e.V.) 17335 Strasburg ,,
Straubinger Tafel1 Johannes-Kepler-Straße 11 d 94315 Straubing ,franz-liebl@maltanet.de,
Strausberger TafelKlosterdorfer Chaussee 15 15344 Strausberg ,ase-strausberg@alv-brandenburg.de,
Stutenseer Tafel1 Gymnasiumstr. 14 a 76297 Stutensee ,tafelladen@caritas-bruchsal.de,www.caritas-bruchsal.de
Süderbraruper TafelHolmer Straße 3 24392 Süderbrarup ,eo.loewenstrom@diakonie-slfl.de,www.kirchenkreis-slfl.de
Südtondern Tafel e. V.1 Rudolf-Diesel-Str. 16 25917 Leck ,suedtondern-tafel@gmx.de,
Suhler TafelGroße Beerbergstr. 39 98528 Suhl ,suhlertafel@web.de,www.suhler-tafel.de
Sulinger TafelSchwafördener Weg 58 27232 Sulingen ,sulinger-tafel@ewetel.net,
Sulzer TafelBergstraße 37 72172 Sulz ,dbs@dekanat-sulz.de,
Süßener Tafel1 Haldenstr. 10 73079 Süßen ,carisatt-suessen@caritas-fils-neckar-alb.de,
Swisttaler Tafel e.V.Vorgebirgsstr. 11 53911 Swisttal ,swisttalertafel@gmail.com,
Syker TafelAm Feuerwehrturm 3 28857 Syke ,Syker-Tafel@evlka.de,kirchenkreis-Syke-Hoya.de
Sylter Tafel e.V.Birkenweg 3 25980 Sylt / OT Westerland ,sylter-tafel@t-online.de,
Tafel Altenburg1 Gabelenzstraße 6 04600 Altenburg ,tali-rvgera@online.de,
Tafel Bad Doberan e.V.Hauptstraße 22 18236 Kröpelin ,info@tafel-bad-doberan.de,
Tafel Eckental1 Bismarckstraße 17 90542 Eckental ,info@utekrahl.de,
Tafel Egeln - Christophorus Laden1 An der Wasserburg 5 39435 Egeln ,,
Tafel Halberstadt1 Polkenstraße 9a 06484 Quedlinburg ,info@awo-harz.de,www.awo-harz.de
Tafel Halberstadt - Ausgabestelle Wärmestube Caritas1 Franziskaner Straße 2 38820 Halberstadt ,waermestube@caritas-halberstadt.de,www.caritas-magdeburg.de
Tafel HallbergmoosHaupstraße 56 85399 Hallbergmoos ,nbhallbergmoos@gmx.de,www.nbh-hallbergmoos.de
Tafel Kahla e.V.1 Fabrikstraße 7 07768 Kahla ,tina.staude@gmx.de,
Tafel Loisachtal1 Kaminskistraße 4 83671 Benediktbeuern ,tom@tcschneider.de,
Tauberbischofsheimer TafelIn der Altenau 13 97941 Tauberbischofsheim ,tafelladen@caritas-tbb.de,www.caritas-tbb.de
Taufkirchner TafelBahnweg 4 1/2 84416 Taufkirchen ,hansjuergen.degener@web.de,www.taufkirchener-tafel.de
Teisendorfer Tafel1 Alte-Reichenhaller-Str. 03 83317 Teisendorf ,teisendorfer-tafel@t-online.de,
Tettnanger Tafel e. V.Montfortplatz 6 88609 Tettnang ,info@Tettnanger-Tafel.de,www.Tettnanger-Tafel.de
Tölzer TafelTölzer Straße 25 83646 Bad Tölz-Ellbach ,,
Tönninger TafelJohann-Adolf-Straße 7-9 25832 Tönning ,marcinczyk@dw-husum.de,www.dw-husum.de
Torgauer Tafel e. V.August-Bebel-Straße 16 04860 Torgau ,tafeltorgau@gmail.com,www.tafel-to.de
Töster TafelBremer Str. 37 21255 Tostedt ,info@hergersverein-tostedt.de,
Traunreuter Tafel1 Traunwalchner Str. 01 83301 Traunreut ,,http://www.traunreuter-tafel.de/
Traunsteiner Tafel e. V.1 Bahnhofstraße 1 83278 Traunstein ,vorstand@traunsteiner-tafel.de,www.traunsteiner-tafel.de
Treuchtlinger Tafel e. V.1 Eulenhofstraße 2 91757 Treuchtlingen ,,
Trierer TafelKrahnenstr. 35 54290 Trier ,h.neumaerker@skf-trier.de,www.skf-trier.de
Trittauer Tafel e.V1 Großenseer Str. 12 22946 Trittau ,trittauer.tafel@t-online.de,www.trittauer-tafel.de
Troisdorfer TafelHyppolitusstraße 41 a 53840 Troisdorf ,TroisdorferTafel@skm-rhein-sieg-kreis.de,www.skm-rhein-sieg.de
Trossinger TafelHohnerstr. 16 78647 Trossingen ,tafelladen.trossingen@googlemail.com,
Trostberger Tafel1 Jägerstr. 2c 83308 Trostberg ,trostberger-tafel@t-online.de,www.trostberger-tafel.de
Tübinger Tafel e.V.Katharinenstraße 29 72072 Tübingen ,info@tuebingertafel.de,www.tuebingertafel.de
Tuttlinger TafelMöhringer Str. 14 78532 Tuttlingen ,tafelladen@diakonie-tuttlingen.de,www.diakonie-tuttlingen.de
Twister Tafel1 Am Kanal 108 49767 Twist ,twist@lingener-tafel.de,
Twistringer TafelBahnhofstr. 11 27239 Twistringen ,URehling-Laur@lebenswege-ev.de,
Übach-Palenberger Tafel e. V.Im Mühlenhof 12 1. Ausgabestelle: Im Mühlenhof 12, 52531 Übach-Palenberg 2. Ausgabestelle: Vereinsheim des VfL Boscheln, Martin-Luther-Str., 52531 Übach-Palenberg 52531 Übach-Palenberg ,d.Bischhaus@uebach-palenberger-tafel.de,www.uebach-palenberger-tafel.de/
Überlinger TafelKasselbachstraße 19 88662 Überlingen ,info@caritas-linzgau.de,www.caritas-linzgau.de
Uelzer Tafel e.V.Bohldamm 65 29525 Uelzen ,verlag@jungekirche.de,
Uetersener Tafel e. V.Finkenbrook 1 25436 Uetersen ,uetersener-tafel@t-online.de,www.uetersener-tafel.de
Uetzer Tafel1 Katenser Weg 21 31311 Uetze ,uetzertafel@online.de,
Ulmer Tafel1 Schaffnerstr. 017 89073 Ulm ,tafelladen@drk-ulm.de,www.drk-ulm.de
Unnaer Tafel e.V.Fliederstraße 14 59425 Unna-Königsborn ,unnaer-tafel@web.de,www.unnaer-tafel.de.ms
Uslarer Tafel e. V.1 Auschnippe 3 37170 Uslar ,uslarer.tafel.ev@t-online.de,
Vaihinger TafelAm Galgenfeld 5 71665 Vaihingen/Enz ,marek@diakonie-vaihingen.de,www.diakonie-vaihingen.de
Vareler TafelOldenburger Str. 30 26316 Varel ,anita.osterloh@gmx.de,www.ev-kirche-varel.de
Vaterstettener TafelBrunnenstr. 28 85598 Vaterstett ,info@nbh-vaterstetten.de,www.nbh-vaterstetten.de
Veitsbronner Tafel e. V.1 Am Bad 1 90587 Veitsbronn ,,www.veitsbronn.de
Velberter TafelNoldestr. 5 42551 Velbert ,velberter.tafel@diakonie-niederberg.de,
Verdener Tafel e.V.Ulanenstr. 19 27283 Verden ,verdener-tafel@t-online.de,www.verdener-tafel.de
Viechtacher Tafel1 Schmidtstr. 17 94234 Viechtach ,Evang.-Luth.PfarramtViechtach@t-online.de,
Viernheimer TafelKetteler Straße 63 68519 Viernheim ,hkohl@sankt-himi.de,www.viernheimer-tafel.de
Viersener Tafel e.V.Hohlstraße 46 41747 Viersen ,viersener-tafel@gmx.de,www.viersener-tafel.de
Villingen-Schwenninger TafelOb dem Brückle 27 78054 Villingen-Schwenningen ,,
Vilsbiburger Tafel1 Schützenstraße 08 84137 Vilsbiburg ,info@vilsbiburger-tafel.de,www.vilsbiburger-tafel.de
Vilshofener TafelKreppe 15 Tafelladen: Ortenburgerstraße 23, 94474 Vilshofen (ehemaliges Chinarestaurant) Zugang über Rückseite des Gebäudes 94474 Vilshofen an der Donau ,vpn456@gmail.com,www.tafel-vilshofen.bplaced.net
Völklinger TafelGatterstr. 13 66333 Völklingen ,tafel-vk@dwsaar.de,www.dzvk.dwsaar.de
Vredener Tafel e.V.Winterswyker Straße 35 48691 Vreden ,gwaning@versanet.de,
Waderner TafelGerichtsstr. 12 a 66667 Wadern ,d.schmitt@asd.caritas-merzig.de,www.caritas-merzig.de
Wagenfelder Tafel1 Oppenweher Str. 2 49419 Wagenfeld ,kg.wagenfeld@evlka.de,
Waghäuseler Tafel1 Schloßstr. 13 68753 Waghäusel-Kirrlach ,tafelladen@caritas-bruchsal.de,www.caritas-bruchsal.de
Waiblinger Tafel e. V.Fronackerstr. 70 71332 Waiblingen ,lisa.sproll@waiblinger-tafel.de,www.waiblinger-tafel.de
Waldbröler TafelBrölbahnstraße 1 51545 Waldbröl ,gran-family@gmx.de,www.ev-kirche-waldbroel.de
Waldhof Tafel / Caritas1 Carl-Reuther-Str. 2 68305 Mannheim ,stefanie.paul@caritas-mannheim.de,www.caritas-mannheim.de/hilfe-und-beratung/menschen-in-notlagen/waldhof-tafel/
Waldkirchener Tafel e. V.Schmiedgasse 9 94065 Waldkirchen ,c-slang@t-online.de,
Waldkircher TafelMarkgrafenstr. 13 (kein Mitglied im Bundesverband Deutsche Tafel e.V.) 79312 Emmendingen ,info@emmendinger-tafel.de,www.emmendinger-tafel.de
Waldshuter TafelBergstraße 79 79761 Waldshut-Tiengen ,p.lohmann@caritas-hochrhein.de; j.isele@caritas-hochrhein.de,www.caritas-hochrhein.de/s_tafelladen.htm
Walldorfer Tafel e.V.Albrecht-Dürer-Straße 2 69190 Walldorf ,info@walldorfer-tafel.de,www.walldorfer-tafel.de
Walsroder Tafel e.V.Moorstr. 89 Ausgabestelle Moorstraße 89 29664 Walsrode ,walsroder-tafel.ev@gmx.de,www.walsroder-tafel.de
Wangener TafelBuchweg 6 88239 Wangen ,pfeffer.s@caritas-bodensee-oberschwaben.de,
Wanzlebener TafelBahnhofspromenade 6 39164 Wanzleben ,info@drk-wanzleben.de,www.drk-wanzleben.de
Warener TafelFriedensstr. 7 17192 Waren ,info@warener-tafel.de,www.warener-tafel.de
Wariner Tafel e. V.1 Am markt 17 19417 Warin ,spriewaldRecht@aol.com,
Warsteiner Tafel e. V.Herrenbergsweg 8 Ausgabestelle: Rangestraße 26 59581 Warstein ,volkertbahrenberg@t-online.de,www.tafel-warstein.de
Wassenberger TafelAn der Kreuzkirche 10 Campanus Haus 41849 Wassenberg ,h.witges@gmx.net,
Wasserburger TafelBrunhuberstr. 24 83522 Wasserburg ,elke.pawelski@diakonie-rosenheim.de,
Wassertrüdinger TafelOettinger Straße 22 91717 Wassertrüdingen ,andrea-schindler@gmx.de,
Wattenscheider Tafel e.V.Laubenstr. 19 44866 Wattenscheid ,info@wattenscheider-tafel.de,www.wattenscheider-tafel.de
Wedeler Tafel e.V.Kronskamp 132 22880 Wedel ,mail@tafel-wedel.de,www.tafel-wedel.de
Weidener Tafel e.V.1 Stockerhutweg 024 92637 Weiden i. d. Opf. ,info@tafel-weiden-neustadt.de,www.tafel-weiden-neustadt.de
Weil der Städter Tafel1 Stuttgarter Str. 51 71263 Weil der Stadt ,info@tafelwds.de,www.tafelwds.de
Weilburger Tafel e. V.1 Frankfurter Straße 9 35781 Weilburg ,anfragen@weilburger-tafel.de,www.weilburger-tafel.de
Weilerswister Tafel e. V.Martin-Luther-Str. 29a Ausgabestelle: neben Ev. Kirche 53919 Weilerswist ,Bernd.Schloesser@web.de,www.weilerswister-tafel.de
Weilheimer TafelMünchener Str. 04 82362 Weilheim ,info@weilheimer-tafel.de,www.weilheimer-tafel.de
Weimarer Tafel1 Georg-Haar-Str. 14 99427 Weimar ,Weimarer.Tafel@diakonie-wl.de,www.diakonie-wl.de/offene-angebote-weimarer-tafel.html
Weingartener TafelWaldseer Str. 4 88250 Weingarten ,feyrer@caritas-bodensee-oberschwaben.de,
Weinheimer Tafel - Appel + Ei1 Bergstraße 73 69469 Weinheim ,weinheimertafel@caritas-rhein-neckar.de,www.caritas-rhein-neckar.de
Weinstadt Tafel e. V.Ziegeleistraße 16 71384 Weinstadt ,info@weinstadt-tafel.de,www.weinstadt-tafel.de
Weißenburger Tafel e.V.Schulhausstraße 6 91781 Weißenburg ,weissenburger-tafel@web.de,www.weissenburger-tafel.de
Weißenfelser TafelKleine Burgstr. 5 06667 Weißenfels ,,
Weißenhorner Tafel1 Illerberger Str. 11 89264 Weißenhorn ,m.heinrich@b-r-k.de,www-brk-nu.de
Weißwasseraner TafelUhlandstr. 13 02943 Weißwasser ,,
Weldener Tafel e.V.1 Hauptstraße 18 86477 Adelsried ,info@weldener-tafel.de,www.weldener-tafel.de
Welzower TafelSpremberger Straße 51 03119 Welzow ,,www.asf-brandenburg.de
Wendelsteiner Tafel e. V.1 Alte Salzstr. 29 90530 Röthenbach, St. Wolfgang ,,
Werler TafelSiederstraße 9 59457 Werl ,karbowski@caritas-soest.de,www.caritas-soest.de
Wermelskirchener Tafel e.V.Vorm Eickerberg 2 b 42929 Wermelskirchen ,info@wermelskirchener-tafel.de,
Wertheimer TafelDr.-Hübsch-Str. 5-7 97877 Wertheim ,wertheimer-tafel@diakonie-tbb.de,www.diakonie-tbb.de
Weseler Tafel e.V.Mühlenweg 10 46483 Wesel ,weseler-tafel@web.de,www.weseler-tafel.de
Wesenberger Tafel1 Hohe Straße 22 17255 Wesenberg ,wesenberg@kirchenkreis-stargard.de,
Wesselinger Tafel e.V.Auf dem Sonnenberg 21 50389 Wesseling ,info@wesselinger-tafel.de,www.wesselinger-tafel.de
Westersteder TafelBankstraße 11 26655 Westerstede ,westersteder-tafel@ewetel.net,www.westersteder-tafel.de
Westerwaldkreis TafelHergenrother Straße 02 56547 Westerburg ,w.kehr@diakonie-westerwald.de,www.westerwaldkreis-tafel.de
Wetzlarer TafelKirchstr. 7 35576 Wetzlar ,ev-gemeinde-ng@t-online.de,
Wiesbadener Tafel e.V.Klarenthalerstraße 22a 65197 Wiesbaden ,info@wiesbadener-tafel.de,www.wiesbadener-tafel.de
Wieslocher Tafel e.V.Friedrichstraße 2 69168 Wiesloch ,sonja.huth@gmx.net,www.wieslocher-tafel.de
Wildeshauser Tafel e.V.Dr.-Klingenberg-Straße 92 27793 Wildeshausen ,info@wildeshauser-tafel.de,www.wildeshauser-tafel.de
Wilhelmsburger Tafel1 Vogelhüttendeich 55 21107 Hamburg-Wilhelmsburg ,tafel@ai-w.de,www.ai-w.de/tafel/
Wilhelmshavener Tafel e.V.1 Ulmenstraße 61 26384 Wilhelmshaven ,tafelwhv@freenet.de,www.tafel-whv.de
Willicher Tafel e. V.1 Fellerhöfe 01 47877 Willich ,info@willicher-tafel.de,www.willicher-tafel.de
Windecker Tafel1 Pfarrer-Stiesch-Platz 03 51570 Windeck-Rosbach ,Info@win-rosb-tafel.de,
Windsbacher TafelHeilsbronner Straße 4 91564 Neuendettelsau ,kasa.windsbach@web.de,www.diakonie-windsbach.de
Winnender Tafel e. V.Brunnenstr. 19 71364 Winnenden ,winnender-tafel@online.de,tafelladen-winnenden.de
Wipperfürther Tafel1 Memellandstr. 2 51688 Wipperführth ,info@wipperfuerther-tafel.de,
Wismarer Tafel e.V.Mecklenburger Str. 41-43 23966 Wismar ,wismarer.tafel@web.de,
Wissener TafelAuf der Rahm 18 57537 Wissen ,wissener.tafel@gmail.com,www.wissener-tafel.de
Wittenberger TafelKirchplatz 2 19322 Wittenberge ,,
Wittenberger Tafel e.V.1 Florian-Geyer-Str. 7 06886 Lutherstadt Wittenberg ,info@wittenbergertafel.de,www.wittenbergertafel.de
Wittener Tafel e.V.Herbeder Str. 22 58455 Witten ,info@wittenertafel.de,www.wittenertafel.de
Wittinger Tafel e.V.1 Kleine Wallstr. 3 29378 Wittingen ,wittinger-tafel@t-online.de,www.wittingertafel.de
Wittlicher TafelKurfürstenstr. 6 54516 Wittlich ,rudolf.bollonia@caritas-wittlich.de,www.caritas-wittlich.de
Wittmunder Tafel e.V.1 Bismarckstraße 05 BoniHaus Kath. Kirche 26409 Wittmund ,wittmunder.tafel.ev@gmx.de,
Witzenhäuser Tafel e.V.Obere Mühlenstrasse Ausgabestelle: Walburger Str. 19, Eingang Obere Mühlstr. 37213 Witzenhausen ,mh.hemann@t-online.de,www.witzenhaeuser-tafel.de
Wolfenbütteler Tafel1 Am Alten Tore 1 38300 Wolfenbüttel ,info@drk-tafeln-wf.de,www.drk-tafeln-wf.de
Wolfhager Tafel1 Schützebergerstr. 12 Ausgabestelle: Burgstraße 35 34466 Wolfhagen ,wolfhager-tafel@ekkw.de,www.hofgeismarer-wolfhager-tafel.de.tl
Wolfsburger Tafel e. V.Kleiststr. 35 38440 Wolfsburg ,info@wolfsburger-tafel.de,www.wolfsburger-tafel.de
Wolgaster TafelSölvesborger Straße 2 17438 Wolgast ,kontakt@awo-ostvorpommern.de,www.awo-ostvorpommern.de
Wolmirstedter Tafel1 Am Klinggraben 7a 39340 Haldensleben ,geschaeftsleitung@drk-ohrekreis.de,www.drk-ohrekreis.de
Wormser Tafel e. V.1 Wallstraße 2 67547 Worms ,wormser-tafel@gmx.de,www.wormser-tafel.de
Wörther Tafel e. V.In den Niederwiesen 7 76744 Wörth ,woerther.tafel@gmx.de,woerther-tafel.de
Wunsiedler Tafel1 Katharinenstr. 15 95632 Wunsiedel ,peter.finsel@gmx.de,
Wunstorfer Tafel e. V.Neustädter Straße 2 31515 Wunstorf ,info@wunstorfer-tafel.de,www.wunstorfer-tafel.de
Wuppertaler Tafel e.V./ AHKKleiner Werth 50 42275 Wuppertal ,info@wuppertaler-tafel.de,www.wuppertaler-tafel.de
Würselener Tafel e. V.Klosterstr. 108 52146 Würselen ,info@wuerselener-tafel.de,www.wuerselener-tafel.de
Würzburger Tafel e.V.Weißenburgstraße 46 97082 Würzburg ,kontakt@wuerzburger-tafel.de,www.wuerzburgertafel.de
Zehdenicker TafelAmtswallstr. 14a 16792 Zehdenick ,ase-zehdenick@alv-brandenburg.de,
Zeitzer TafelFreiligrathstr. 41a 06712 Zeitz ,cjd-zeitz-sabine.schaetzke@t-online.de,www.cjd.de
Zerbster Tafel e. V.Jeversche Str. 42 39261 Zerbst ,kontakt@zerbstertafel.de,
Zevener TafelBahnhofstraße 7 27432 Bremervörde ,norbert.wolf@kkbz.de,www.diakonie-kkbz.de
Zornedinger Tafel e. V.Lärchenstr. 29 85604 Zorneding ,h.pfeff@web.de,www.zornedinger-tafelev.de
Zossener Tafel1 Stubenrauchstr. 26 15806 Zossen ,tafel-zossen@alv-brandenburg.de,www.alv-brandenburg.de
Zülpicher Tafel e.V.Bonner Str. 29 Hinter der Stadthalle 53909 Zülpich ,tafel@zuelpich.net,www.TAFEL.ZUELPICH.de
Zweibrücker TafelCanadastr. 32 66482 Zweibrücken ,Pfarramt.Zweibruecken@Bistum-Speyer.de,
Zwickauer TafelStiftstr. 11 Ausgabestelle: Wostokweg 33 08056 Zwickau ,info@GemeinsamZieleErreichen.de,www.gemeinsamzieleerreichen.de
