Aachener Tafel e.V.,info@aachener-tafel.de,http://www.aachener-tafel.de
Aalener Tafel - Kocherladen e.V.,kocherladen@web.de,http://www.evangelische-kirchengemeinde-aalen.de/html/kocherladen_e_v_.html
Abensberger Tafel e.V.,rudolf.buchner@me.com,http://www.abensberg-tafel.de
Achentaler Tafel,diakonie-marquartstein@web.de,
Acherner Tafel,hoffmann@caritas-acher-renchtal.de,http://www.caritas-acher-renchtal.de/28582.html
Achimer Tafel e.V.,info@achimer-tafel.de,http://www.achimer-tafel.de
Ahauser Tafel,info@skf-ahaus-vreden.de,
Ahrensböker Tafel e. V.,info@ahrensboeker-tafel.de,
Ahrensburger Tafel e.V.,ahrensburgertafel@t-online.de,http://www.ahrensburger-tafel.de
Ahrweiler Tafel,info@caritas-ahrweiler.de,http://www.caritas-ahrweiler.de
Aichacher Tafel,britta.sprenger@caritas-aichach-friedberg.de,
Aischgründer Tafel,"isswas@t-online.de, el.hurt@gmx.de",
Albersdorfer Tafel,olaf.schulz1@yahoo.de,
Albstädter Tafel,tafel@caritas-schwarzwald-alb-donau.de,
Alfelder Tafel e. V.,info@alfelder-tafel.de,http://www.alfelder-tafel.de
Alsfelder Tafel e.V.,mail@tafel-alsfeld.de; mathias.koehl@tafel-alsfed.de,http://www.tafel-alsfeld.de
Altenkirchener Tafel,info@altenkirchener-tafel.de,http://www.altenkirchener-tafel.de
Altentreptower Tafel,geschaeftsleitung-tg@volkssolidaritaet-kv-demmin.de,
Alzeyer Tafel e.V.,info@alzeyer-tafel.de,http://www.alzeyer-tafel.de
Amberger Tafel e. V.,amberger-tafel@web.de,http://amberger-tafel.de
Angermünder Tafel,tafel-angermuende.nbrb@johanniter.de,http://www.johanniter.de/bb
Anklamer Tafel,info@sozialarbeit-vorpommern.de,http://www.sozialarbeit-vorpommern.de
Annaberg-Buchholzer Tafel,malteser-tafel-annaberg@web.de,http://www.malteser-annaberg.de
Ansbacher Tafel,info@diakonie-ansbach.de,http://www.diakonie-ansbach.de
Apoldaer Tafel,tafel.apolda@googlemail.com,http://www.diakonie-apolda.de
Arnsberger Tafel e. V.,gisela@cloer-wzb.de,http://www.arnsberger-tafel.de
Arnstädter Tafel e.V.,Arnstaedter-Tafel.e.v.@t-online.de,http://www.arnstaedter-tafel.de
Arnstorfer Tafel,arnstorfer.tafel@lindner-group.com,
Arterner Tafel,talisa-artern@t-online.de,
Arzberger Tafel,vorstand@awo-arzberg.de,
"Asbacher Tafel e.V,",bgrendel@rz-online.de,
Ascheberger Tafel e. V.,martin.hoerster@t-online.de,http://www.ascheberger-tafel.de
Aßlinger Tafel e. V.,Asslinger-Tafel@gmx.de,http://www.sozialforum-bayern.de/asslinger-tafel
Attendorner Tafel,evangelisch-attendorn@t-online.de,
Auer Tafel e. V.,s.rudolf@freenet.de,
Augsburger Tafel e.V.,info@augsburger-tafel.de,http://www.augsburger-tafel.de
Auricher Tafel,auricher.tafel@ewetel.net,http://www.diakonie-aurich.de
Backnanger Tafel,sowas@kinderundjugendhilfe-bk.de,http://www.sowas-bk.de
Bad Aiblinger Tafel,info@aiblinger-tafel.de,http://www.aiblinger-tafel.de
Bad Arolser Tafel,hoos-vermeil@ekkw.de,
Bad Berleburg-Erndtebrücker Tafel e. V.,thomas-doerr@diakonie-wittgenstein.de,http://www.bad-berleburg-erndtebrücker-tafel.de
Bad Bramstedter Tafel e. V.,info@badbramstedtertafel.de,http://www.badbramstedtertafel.de
Bad Cannstatter Tafel,mail@stuttgarter-tafel.de,http://www.schwaebische-tafel-stuttgart.de
Bad Dürkheimer Tafel e. V.,Bad-Duerkheimer-Tafel@gmx.de,
Bad Friedrichshaller Tafel,tafel@diakonie-heilbronn.de,http://www.diakonie-heilbronn.de
Bad Gandersheimer Tafel,tafel-badgan@gmx.de,
Bad Hersfelder Tafel,tafel-hef@web.de,http://www.tafel-hef.de
Bad Homburger Tafel,tafel@diakonie-htk.de,http://www.bad-homburger-tafel.de
Bad Honnefer Tafel,peter.sieler@awo-bonn-rhein-sieg.de,http://www.awo-bonn-rhein-sieg.de
Bad Kötztinger Tafel e. V.,marlies2002@t-online.de,
Bad Kreuznacher Tafel,bad-kreuznacher-tafel@treffpunkt-reling.de,http://www.treffpunkt-reling.de
Bad Langensalzaer Tafel,talisalgs@t-online.de,
Bad Liebenwerdaer Tafel,tafel-badliebenwerdaer@alv-brandenburg.de,http://www.badliebenwerda.de/alv
Bad Mergentheimer Tafel,bad-mergentheimer-tafel@diakonie-tbb.de,http://www.diakonie-tbb.de
Bad Münstereifeler Tafel e.V.,tafel-bam@gmx.de,
Bad Neustädter Tafel e.V.,sylvia-bieber@t-online.de,http://www.tafel-nes.de
Bad Oeynhausener Tafel,L.Wittkowski@diakonie-vlotho.de,http://www.diakonie-vlotho.de
Bad Pyrmonter Tafel e.V.,tafel-badpyrmont@kabelmail.de,
Bad Reichenhaller Tafel e. V.,tafel.reichenhall@mail-buero.de,
Bad Sachsaer Tafel e.V.,tafelbs@t-online.de,
Bad Säckinger Tafel,p.lohmann@caritas-hochrhein.de; e.schwarz@caritas-hochrhein.de,http://www.caritas-hochrhein.de/s_tafelladen.htm
Bad Salzufler Tafel e. V.,,http://www.badsalzufler-tafel.de
Bad Saulgauer Tafel,bad-saulgauer-tafel@kv-sigmaringen.de,http://www.kv-sigmaringen.drk.de
Bad Schönborner Tafel,tafelladen@caritas-bruchsal.de,http://www.caritas-bruchsal.de
Bad Schussenrieder Tafel,tafel-bad-schussenried@gmx.de,
Bad Schwalbacher-Taunussteiner Tafel,tafel@dwrt.de,http://www.dwrt.de
Bad Schwartauer Tafel,mwitt@t-online.de,
Bad Suderoder Tafel,harzertafel@awo-harz.de,
Bad Sülzer Tafel e. V.,,
Bad Uracher Tafel,Susanne.Schur@kirche-reutlingen.de,
Bad Vilbeler Tafel,vfse@gmx.de,http://www.bad-vilbel.de/nachbarschaftshilfe/
Bad Wildunger Tafel,info@bad-wildunger-tafel.de,http://www.bad-wildunger-tafel.de
Bad Wörishofer Tafel e. V.,tafel-westphal@web.de,http://www.bad-woerishofer-tafel.de
Bad Wurzacher Tafel,pfeffer.s@caritas-bodensee-oberschwaben.de,
Baden-Badener Tafel,tafel@caritas-baden-baden.de,http://www.caritas-baden-baden.de
Baesweiler Tafel e.V.,wfeldeisen@web.de,
Balinger Tafel,info@balingertafel.de,http://www.tafel-balingen.de
Ballenstedter Tafel,harzertafel@awo-harz.de,
Bamberger Tafel e. V.,info@bamberger-tafel.de,http://www.bamberger-tafel.de
Barsbütteler Tafel e.V.,Barsbuetteler-Tafel@web.de,
Barsinghäuser Tafel,hp.rogge@t-online.de,http://www.awo-Barsinghausen.de
Barther Tafel e.V.,,
Bassumer Tafel,hartmut.stolte@online.de,
Baumholderer Tafel,baumholderer.tafel@t-online.de,http://www.evangelische-kirchengemeinde-baumholder.de
Baunataler-Schauenburger-Tafel e. V.,info@baunataler-schauenburger-tafel.de,http://www.baunataler-schauenburger-tafel.de
Bautzener Tafel e. V.,bautzener-tafel@gmx.de,
Bayreuther Tafel e. V.,info@bayreuther-tafel.de,http://www.bayreuther-tafel.de
Bebraer Tafel,tafel.bebra@ekkw.de,
Bedburger Tafel,info@bedburger-tafel.de,http://www.bedburger-tafel.de
Beelitzer Tafel,gabriela-schrader@web.de,
Beeskower Tafel,beeskower@gefas-ev.de,http://www.gefas-ev.de
Beiertheimer Tafel,tafel@caritas-karlsruhe.de,http://www.caritas-karlsruhe.de
Beilngrieser Tafel,beilngries@bistum-eichstaett.de,http://bistum-eichstaett.de
Belziger Tafel,ase-luckenwalde@alv-brandenburg.de,
Bensheimer Tafel e. V.,mariette.rettig@gmx.de,http://www.bensheimer-tafel.de
Bentheimer Tafel e. V.,bentheimer-tafel@t-online.de,
Berchtesgadener Tafel e. V.,weber@berchtesgadener-tafel.de,http://www.berchtesgadener-tafel.de
Bergedorfer Tafel e.V.,info@bergedorfer-tafel.de,http://www.bergedorfer-tafel.de
Bergheimer Tafel e. V.,h.w.hader.bm@netcologne.de,
Bergisch Gladbacher Tafel e.V.,tafel@bergisch-gladbacher-Tafel.de,http://www.bergisch-gladbacher-tafel.de
Bergzaberner Tafel e. V.,info@bergzaberner-tafel.de,http://www.bergzaberner-tafel.de
Berliner Tafel e.V.,welcome@berliner-tafel.de,http://www.berliner-tafel.de/laib-und-seele/die-praxis/so-funktionierts/
Bernauer Tafel e.V.,tafel@freidenker-barnim.de,http://www.freidenker-barnim.de
Bernburger Tafel,petra.hetzel.stadt@bernburg.de,
Bersenbrücker Tafel,"bersenbruecker-tafel@ewetel.net, bersenbruecker-tafel@hotmail.de",
Betzdorfer Tafel,markus@familyaust.de,http://www.ekir.de/betzdorf
Biberacher Tafel,info@drk-bc.de,
Biedenkopfer Tafel e.V.,dw-biedenkopf@dwhn.de,
Bielefelder Tafel e.V.,info@tafel-bielefeld.de,http://www.tafel-bielefeld.de
Bietigheim-Bissinger Tafel e.V.,bietigheim-bissinger-tafel@gmx.net,
Binger Tafel,,
Birkenfelder Tafel,grossmann-birkenfeld@t-online.de,
Bischofswerdaer Tafel,voigt@tafel-bischofswerda.de,
Bitburger Tafel e. V.,bitburger-tafel@gmx.net,http://www.bitburger-tafel.de
Bitterfelder Tafel,,
Blankenhainer Tafel e.V.,blankenhainer_tafel@gmx.de,http://www.blankenhainer-tafel.de
Blausteiner Tafel,claudiawolfmiller@t-online.de,
Böblinger Tafel,tafelladen@evkirchebb.de,
Bocholter Tafel e.V.,info@bocholter-tafel.de,http://www.bocholter-tafel.de
Bochumer Tafel e. V.,info@wattenscheider-tafel.de,http://www.wattenscheider-tafel.de
Bonner Tafel e.V.,bonnertafel@t-online.de,http://www.bonner-tafel.de
Bopfinger Tafel,bopfinger-tafel@t-online.de,
Bordesholmer Tafel,info@bordesholmer-tafel.de,http://www.bordesholmer-tafel.de
Borkener Tafel,vangoer@dw-st.de,http://www.dw-st.de/angebot/tafel-bor.htm
Bottroper Tafel,bottropertisch@gelsennet.de,http://www.bottropertisch.de
Brandenburger Tafel e.V.,Brandenburger-Tafel@web.de,http://www.brandenburger-tafel.de
Brannenburger Tafel,bus@steinbrecher-reisen.de,
Braunlager Tafel,3xmarygold@gmail.com,
Braunschweiger Tafel e.V.,info@braunschweiger-tafel.de,http://www.braunschweiger-tafel.de
Bremer Tafel e.V.,brementafel@nord-com.net,http://www.bremertafel.de
Bremerhavener Tafel,manfred.jabs@awo-bremerhaven.de,http://www.awo-bremerhaven.de
Bremervörder Tafel,tandem-brv@ewetel.net,http://www.tandem-brv.de
Brettener Tafel,brettener-tafelladen@diakonie-laka.de,http://www.diakonie-laka.de
Bruchsaler Tafel,tafelladen@caritas-bruchsal.de,http://www.caritas-bruchsal.de
Brückenauer Tafel e. V.,brueckenauer-tafel@t-online.de,
Bruckmühler Tafel,info@bruckmuehler-tafel.de,http://www.bruckmuehler-tafel.de
Brüggener Tafel e. V.,info@brueggener-tafel.de,http://www.brueggener-tafel.de
Brühler Tafel e. V.,info@bruehlertafel.de,http://www.bruehlertafel.de
Brunsbütteler Tafel,info@hoelp.de,
Buchloer Tafel,dietafel-buchloe@web.de,
Bückeburger Tafel e. V.,info@bueckeburger-tafel.de,http://www.bueckeburger-tafel.de
Büdinger Tafel,info@buedinger-tafel.de,http://www.buedinger-tafel.de
Bühler Tafel e.V.,laden@buehler-tafel.de,http://www.buehler-tafel.de
Bundesverband Deutsche Tafel e. V.,info@tafel.de,
Burbacher Tafel,kontakt@burbacher-tafel.de,http://www.burbacher-tafel.de
Burgdorfer Tafel e.V.,burgdorfertafel@gmx.de,http://www.burgdorfer-tafel.de/
Burgebracher Tafel,fam.neser@web.de,http://www.pfarrei-burgebrach.de
Burger Tafel,reinbern.erben@diakonie-jerichowerland.de,
Burghauser Tafel e. V.,info@buergerinsel.de,http://www.burghausertafel.de
Burgkunstadter Tafel e. V.,silke.mohler@gmx.de,
Burgwedeler Tafel e.V.,info@burgwedeler-tafel.de,
Burscheider Tafel e. V.,martin.heykants@gmail.com,http://www.burscheider-tafel.de
Buttstädter Tafel e. V.,alexandra_barthelmes@web.de,
Butzbacher Tafel e. V.,info@butzbacher-tafel.de,http://butzbacher-tafel.de
Bützower Tafel e.V.,buetzower-tafel@gmx.de,
Buxtehuder Tafel,,
Calcarer Tafel e.V.,,
Calwer Tafel,schubert@caritas-schwarzwald-gaeu.de,
Castroper Tafel,n.diring@caritas-castrop-rauxel.de,
Celler Tafel e.V.,celler-tafel@t-online.de,http://www.celler-tafel.de
Chamer Tafel,ev.bayerwalddekanat@t-online.de,http://www.bayerischer-wald-evangelisch.de
Chemnitzer Tafel e.V.,c.fiedler@chemnitzer-tafel.de,http://www.chemnitzer-tafel.de
Chiemseer Tafel,"caroline.haas@caritasmuenchen.de, cb-prien@caritasmuenchen.de",
Cloppenburger Tafel e. V.,info@cloppenburger-tafel.de,http://www.cloppenburger-tafel.de
Coburger Tafel e.V.,kontakt@coburger-tafel.de,http://www.coburger-tafel.de
Cochemer Tafel,tafel-cochem@gmx.de,http://www.caritas-cochem.de
Coesfelder Tafel e. V.,coesfeldertafel@t-online.de,http://www.coesfeldertafel.de
Cottbuser Tafel,,http://www.asf-brandenburg.de
Crailsheimer Tafel,karin.coffey@aufbaugilde.de,http://www.crailsheimer-tafel.de
Cuxhavener Tafel e.V.,cux-tafel@t-online.de,
Dachauer Tafel,dachauertafel@t-online.de,http://www.dachauer-tafel.brk.de
Darmstädter Tafel e.V.,tafel-da@gmx.de,http://www.darmstaedtertafel.de
Dattelner Tafel,tafel@caritas-datteln.de,http://www.caritas-datteln.de
Dauner Tafel e. V. Vulkaneifelkreis,dauner-tafel-ev@t-online.de,
Deggendorfer Tafel,monika.huber@deggendorf.de,http://www.deggendorf.de
Delitzscher Tafel e. V.,j.faak@web.de,http://www.delitzscher-tafel.de
Delmenhorster Tafel e.V.,delmenhorster.tafel@ewetel.net,
Demminer Tafel,tafeldm@kdw-greifswald.de,
Dessauer Tafel e. V.,dessauer-tafel@t-online.de,http://www.dessauer-tafel.de
Detmolder Tafel e.V.,info@detmolder-tafel.de,
Die Hofer Tafel e.V.,info@die-hofer-tafel.de,http://www.die-hofer-tafel.de
Dieburger Tafel e. V.,info@dieburger-tafel.de,http://www.dieburger-tafel.de
Diedorfer Tafel,diedorf@bistum-augsburg.de,
Dießener Tafel,i.saemmer@gmx.de,
Dietzenbacher Tafel e. V.,hcgermer@t-online.de,http://www.dietzenbacher-tafel.de
Diezer Tafel,dwdiez@t-online.de,
Dillenburger Tafel,ute.mueller@drk-dillenburg.de,http://www.drk-dillenburg.de
Dillinger Tafel,borggreve@caritas-dillingen.de,
Dillinger Tafel Saar,info@caritas-saarlouis.de,http://www.caritas-saarlouis.de
Dinslakener Tafel e.V.,marion.muhic@gmx.de,http://www.dinslakener-tafel.de
Dippoldiswalder Tafel,office@drk-dippoldiswalde.de,http://www.drk-dippoldiswalde.de
Ditzinger Tafel,ev-kirchenpflege-ditzingen@t-online.de,
Döbelner Tafel,,
Donauwörther Tafel,gf@caritas-donau-ries.de,http://www.caritas-donau-ries.de
Dorfener Tafel,thalmaier.rosa@dorfen.de,
Dormagener Tafel e. V.,dormagener-tafel@t-online.de,http://www.dormagener-tafel.de
Dorstener Tafel e.V.,herbert.rentmeister@t-online.de,http://www.dorstener-tafel.de
Dortmunder Tafel e. V.,info@dortmunder-tafel.de,http://www.dortmunder-tafel.de
Drebkauer Tafel,sozialakademie@asf-brandenburg.de,http://www.asf-brandenburg.de
Dreiländereck-Tafel Lörrach - Weil am Rhein e.V.,reinhard.ihl@dreilaendereck-tafel.de,http://www.dreilaendereck-tafel.de
Dresdner Tafel e.V.,info@dresdner-tafel.de,http://www.dresdner-tafel.de
Duisburger Tafel e.V.,info@duisburger-tafel.de,http://www.duisburger-tafel.de
Dülmener Tafel e. V.,info@duelmener-tafel.de,http://www.duelmener-tafel.de
Dürener Tafel e.V.,info@duerener-tafel.de,http://www.duerener-tafel.de
Durlacher Tafel,leitung@durlacher-tafel.de,http://www.durlacher-tafel.de
Durmersheimer Tafel,info@rastatter-tafel.de,http://www.rastatter-tafel.de
Düsseldorfer Tafel e.V.,info@duesseldorfer-tafel.de,http://www.duesseldorfer-tafel.de
Ebersbacher Tafel,info@drk-goeppingen.de,http://www.drk-goeppingen.de
Ebersberger Tafel,waltraud.stueckle-mayrhofer@diakonie-rosenheim.de,
Eberswalder Tafel,info@brotundhoffnung.de,http://www.brotundhoffnung.de
Eckernförder Tafel,eckernfoerder_tafel@yahoo.com,
Edenkobener Tafel e. V.,edenkobenertafel@gmx.de,
Edingen-Neckarhauser Tafel,hubert.mitsch@kv-mannheim.drk.de,
Ehinger Tafel,ulrich.hagel@kabelbw.de,http://www.drk-ulm.de
Eichstätter Tafel e.V.,info@eichstaetter-tafel.de,http://www.eichstaetter-tafel.de
Einbecker Tafel,info@einbecker-tafel.de,http://www.einbecker-tafel.de
Eisenacher Tafel,schmidt.g@caritas-bistum-erfurt.de,
Eisenberger Tafel,eisenberger-tafel@web.de,
Eisenhüttenstädter Tafel,tafel-ehst@t-online.de,
Eislebener Tafel,e.tielo@fsb-eisleben.de,
Eitorfer Tafel,rahn-huesson@t-online.de,
Ellwanger Tafel,ellwangertafel@web.de,
Elmshorner Tafel,elmshorner-tafel@cza.de,
Elsdorfer Tafel,nc-buschmis@netcologne.de,http://www.awo-elsdorf.de/tafel-elsdorf.html
Emder Tafel,sholle@caritas-os.de,
Emlichheimer Tafel,doris.huebers@gmx.de,
Emmendinger Tafel e.V.,info@emmendinger-tafel.de,http://www.emmendinger-tafel.de
Emsdetten-Grevener Tafel,tafel@caritas-emsdetten-greven.de,
Emser Tafel,info@diakonie-rhein-lahn.de,
Enkenbach-Alsenborner Tafel e. V.,info@enkenbach-alsenborner-tafel.de,http://www.enkenbach-alsenborner-tafel.de
Ennigerloher Tafel e. V.,ennigerloher-tafel@t-online.de,http://www.ennigerloher-tafel.de
Eppinger Tafel,tafel@diakonie-heilbronn.de,http://www.diakonie-heilbronn.de
Erbach-Michelstädter Tafel e.V.,drhubsfrech@t-online.de,http://www.erbach-michelstädter-tafel.de
Erbacher Tafel,brigittehoerger@aol.com,http://www.drk-ulm.de
Erdinger Tafel,nbh@erding-mail.de,http://www.nbhe-erding.de
Erftstädter Tafel,info@tafel-erftstadt.de,http://www.tafel-erftstadt.de
Erfurter Tafel e.V.,info@erfurter-tafel.de,http://www.erfurter-tafel.de
Erkelenzer Tafel e. V.,erkelenzer-tafel@t-online.de,
Erkner Tafel,kraemer@gefas-ev.de,http://www.gefas-ev.de
Erkrather Tafel e.V.,info@erkrather-tafel.de,http://www.erkrather-tafel.de
Erlanger Tafel,gertrud.koenig@diakonie-erlangen.de,
Eschweger Tafel e. V.,info@eschweger-tafel.de,http://www.eschweger-tafel.de/
Eschweiler Tafel e.V.,,http://karin.
Esenser Tafel e.V.,tafel-esens@ewetel.de,
Essener Tafel e. V.,essener_tafel@gmx.de,http://www.essener-tafel.de
Esslinger Tafel,parylak@caritas-fils-neckar-alb.de,
Ettlinger Tafel,tafelladen-ettlingen@t-online.de,
Euskirchener Tafel e.V.,heidi.goergen@eu-tafel.de,http://www.euskirchener-tafel.de
Eutiner Tafel e.V.,post@eutinertafel.de,
Falkenseer Tafel e. V.,falken@lvbb.de,
Fehmarn Tafel,brkempe@web.de,
Fellbacher Tafel,mail@fellbacher-tafel.de,
Feuchtwanger Tafel,dw-feu@t-online.de,http://www.diakonie-feuchtwangen.de/tafel/index.html
Feuerbacher Tafel,tafelladen@bhz.de,http://www.bhz.de
Fildertafel,fildertafel@kdv-es.de,http://www.diakonieladen.de
Finsterwalder Tafel,,
Flensburger Tafel,tafel.flensburg@johanniter.de,
Flintbeker Tafel,info@kielertafel.de,http://www.kielertafel.de
Föhrer Tafel e. V.,foehrer.tafel@online.de,
Forster Tafel,ase-forst@alv-brandenburg.de,
Frankenberger Tafel e.V.,info@frankenberger-tafel.de,http://www.frankenberger-tafel.de
Frankenthaler Tafel,franz-josef.moeller@t-online.de,
Frankfurter Tafel - Domizil „Offene Tür“,domizil@arbeitsloseninitiative-ffo.de,http://www.arbeitsloseninitiative-ffo.de
Frankfurter Tafel e.V.,frankfurtertafel@t-online.de,http://www.frankfurter-tafel.de
Frechener Tafel,Frechener-tafel@skfm-rhein-erft-kreis.de,http://www.frechener-tafel.de
Freiberger Tafel,freibergertafel@caritas-chemnitz.de,
Freiburger Tafel e.V.,tafelleitung@freiburger-tafel.de,http://www.freiburger-tafel.de
Freilassinger Tafel,wimmer.erika@t-online.de,
Freisinger Tafel e.V.,freisinger-tafel@t-online.de,http://www.freisinger-tafel.eu
Freitaler Tafel e.V.,b'info@freitaler\xe2\x80\x90tafel.de',b'http://www.freitaler\xe2\x80\x90tafel.de'
Frerener Tafel,freren@lingener-tafel.de,
Freyunger Tafel,norbert@kremsreiter.eu,
Friedberger Tafel,andreas.reinmann@caritas-aichach-friedberg.de,http://www.caritas-aichach-friedberg.de
Friedberger Tafel e.V.,info@friedberger-tafel.de,http://www.friedberger-tafel.de
Friedländer Tafel e. V.,,
Friedrichshafener Tafel e.V.,tafelfn@t-online.de,http://www.friedrichshafener-tafel.de
Friesoyther Tafel,carla@frisoyther-tafel.de,http://www.friesoyther-tafel.de
Fritzlarer Tafel,info@fritzlarer-tafel.de,http://www.fritzlarer-tafel.de
Fuldaer Tafel e. V.,buero@fuldaer-tafel.de,http://www.fuldaer-tafel.de
Fürstenauer Tafel,fuerstenauer-tafel@ewetel.net,
Fürstenfeldbrucker Tafel,info@buergerstiftung-lkr-ffb,http://www.buergerstiftung-lkr-ffb.de
Fürstenwalder Tafel,uebergangswohnheim@gefas-ev.de,http://www.gefas-ev.de
Fürstenzeller Tafel,irmischellerer@gmx.de,
Fürther Tafel e.V.,buero@fuerther-tafel.de,http://www.fuerther-tafel.de
Füssener Tafel,info@fuessener-tafel.de,http://www.fuessener-tafel.de
Gaggenauer Tafel,info@gaggenauer-tafel.com,http://www.gaggenauer-tafel.com
Gammertinger Tafel,tafel-gammertingen@kv-sigmaringen.de,http://www.kv-sigmaringen.drk.de
Gangelter Tafel,d.bischhaus@uebach-palenberger-tafel.de,http://www.uebach-palenberger-tafel.de
Garmisch-Partenkirchener Tafel,jochem.rollar@web.de,
Gautinger Tafel e.V.,gautinger.tafel@googlemail.com,http://www.gautinger-tafel.de
Geilenkirchener Tafel,d.bischhaus@uebach-palenberger-tafel.de,http://www.uebach-palenberger-tafel.de
Geislinger Tafel,parylak@caritas-fils-neckar-alb.de,http://www.caritas-fils-neckar-alb.de
Gelderner Tafel e.V.,,
Gelnhäuser Tafel e.V.,info@gelnhaeuser-tafel.de,http://gelnhaeuser-tafel.de
Gelsenkirchener Tafel e.V.,info@tafel-ge.de,http://www.tafel-ge.de
Gemündener Tafel,tafel-gem@kvmain-spessart.brk.de,
Genthiner Tafel,vonWitten@aol.com,
Geraer Tafel e.V.,geraer-tafel@t-online.de,http://www.geraer-tafel.de
Geretsrieder-Wolfratshauser Tafel e.V.,ger-wor-tafel@t-online.de,http://www.geretsrieder-wolfratshauser-tafel.de
Germeringer Tafel,info@sozialdienst-germering.de,http://www.germeringer-tafel.de
Germersheimer Tafel e. V.,'germersheimer.tafel@t-online.de,http://www.germersheimer-tafel.de
Gescher Tafel e.V.,f-j-b-menker@versanet.de,
Gießener Tafel,giessener.tafel@diakonie-giessen.de,http://www.giessener-tafel.de
Gifhorner Tafel e.V.,edeltraud.sack@t-online.de,http://www.gifhornertafel.de
Gilchinger Tafel,,
Ginsheim-Gustavsburger Tafel e. V.,tafel@ev-kirche-ginsheim.de,http://www.diakonie-kreisgg.de
Gladbecker Tafel e.V.,post@gladbecker-tafel.de,http://www.gladbecker-tafel.de
Glauchauer Tafel,GABverwaltung@web.de,http://www.gab-glauchau.de
Glinder Tafel e. V.,paul-nowatzki@t-online.de,
Glückstädter Tafel,sozialkaufhausgluecksstadt@bisabaum.de,
Gmunder Tafel,info@diakonieverein-tegernseer-tal.de,http://www.diakonieverein-tegernseer-tal.de
Gocher Tafel,Die-Tafel-in-Goch@t-online.de,http://www.arche-goch.de
Gommeraner Tafel,wolfgang.auerbach@t-online.de,
Göppinger Tafel,kinzel@caritas-fils-neckar-alb.de,http://www.caritas-fils-neckar-alb.de
Görlitzer Tafel e.V.,,
Goslarer Tafel Kleiner Tisch Oker e. V.,info@goslarer-tafel.de,http://www.goslarer-tafel.de
Gothaer Tafel,info@drk-gotha.de,http://www.tafel-gotha.de.vu
Göttinger Tafel e.V.,info@goettingertafel.org,http://www.goettingertafel.org
Graben-Neudorfer Tafel,tafelladen@caritas-bruchsal.de,http://www.caritas-bruchsal.de
Grafenauer Tafel,,
Grafinger Tafel,christine.deyle@caritasmuenchen.de,http://www.caritas-ebersberg.de
Grefrather Tafel,volkmar.josten@grefrath.de,http://www.nettetaler-tafel.de
Greifswalder Tafel e. V.,D.Koitzsch@lawnet.de,
Greizer Tafel,tali-greiz@web.de,
Grevenbroicher Tafel/Existenzhilfe e. V.,existenzhilfe@t-online.de,
Grimmaer Tafel,grimmaer-tafel@awo-mmulde-collm.de,
Grimmener Tafel e. V.,grimmener.tafel@aol.de,
Gröditzer Tafel,t.welsch@asb-riesa.de,http://www.asb-riesa-ev.de
Gronauer Tafel e. V.,gronauertafel@t-online.de,http://www.gronauer-tafel.de
Groß-Gerauer Tafel,k.engelberty@diakonie-kreisgg.de,
Großenhainer Tafel,tafel@diakonie-grossenhain.de,
Großräschener Tafel,mgh-ilse@alv-brandenburg.de,
Grünberger Tafel,info@diakonie-gruenberg.de,http://www.tafel-gruenberg.de
Grünstadter Tafel e.V.,gruenstadter-tafel@t-online.de,
Grünwalder Tafel,info@nachbarschaftshilfe-gruenwald.de,
Günzburger und Burgauer Tafel,guenzburger.tafel@caritas-guenzburg.de,http://www.caritas-guenzburg.de/tafel
Güstrower Tafel e.V.,guestrowertafel@web.de,
Gütersloher Tafel e.V.,info@gueterslohertafel.de,http://www.gueterslohertafel.de
Gützkower Tafel,info@abs-greifswald.de,
Haaner Tafel,tafel@skfm-haan.de,
Hagener Tafel,schroeder@caritas-hagen.de,http://caritas-hagen.de
Haldensleber Tafel,geschaeftsleitung@drk-ohrekreis.de,http://www.drk-ohrekreis.de
Hallesche Tafel,tafel@stadtmission-halle.de,http://www.stadtmission-halle.de
Halterner Tafel e.V.,info@halterner-tafel.de,http://www.halterner-tafel.de
Halveraner Tafel,erikaostmeyer@schalksmuehler-tafel.de,
Hamburger Tafel e.V.,info@hamburger-tafel.de,http://www.hamburger-tafel.de
Hamelner Tafel e.V.,Hamelner-Tafel@t-online.de,http://www.hamelner-tafel.de
Hammelburger Tafel e. V.,roth_dieter@hotmail.com,http://www.hammelburger-tafel.de
Hammer Tafel e.V.,hammer.tafel@hamcom.biz,http://www.hammer-tafel.de
Hamminkelner Tafel,evi@kannemann.de,http://www.hamminkelnhilft.de
Hanauer Tafel,gordana.kapetanic@lichtblick-in-hanau.de,http://www.lichtblick-in-hanau.de
Hannöversche Tafel e.V.,han.tafel@t-online.de,http://www.hannovertafel.de
Harburger Tafel e.V.,post@harburgertafel.de,http://www.harburgertafel.de
Harener Tafel,josef.stroeer1@ewetel.net,http://www.lingener-tafel.de
Harzer Tafel,Harzertafel@awo-quedlinburg.de,
Haselünner Tafel,gerd.schoon1@ewetel.net,http://www.lingener-tafel.de
Haßfurter Tafel e. V.,irmtrautneubert@web.de,
Hattersheimer - Hofheimer Tafel,tafel@caritas-main-taunus.de,http://www.caritas-main-taunus.de/beratung-und-dienste/hattersheimer-hofheimer-tafel/
Hattinger Tafel e. V.,hattinger-tafel@gmx.de,
Hauzenberger Tafel,,
Havelberger Tafel e.V.,imig-havelberg@online.de,
Hecklinger Tafel,,
Heidelberger Südstadt-Tafel,caritas@caritas-heidelberg.de,http://www.caritas-heidelberg.de
Heidelberger Tafel e.V.,heidelberger_tafel@hotmail.com,http://www.heidelberger-tafel.de
Heidenheimer Tafel - W52,frech@caritas-ost-wuerttemberg.de; majovski@caritas-ost-wuerttemberg.de,http://www.caritas-ost-wuerttemberg.de
Heider Tafel,post@awo-heide.de,
Heilbronner Tafel,tafel@diakonie-heilbronn.de,http://www.diakonie-heilbronn.de
Heiligenhafener Tafel,tafel.heiligenhafen@t-online.de,
Heiligenstädter Tafel,vdbeichsfeld@aol.com,
Heinsberger Tafel e. V.,heinsbergertafel@t-online.de,http://www.heinsbergertafel.de
Helmstedter Tafel,heschoeta@aol.com,
Hennefer Tafel,info@hennefer-tafel.de,http://www.awo-rheinsieg.de
Herbolzheimer Tafel e.V.,herbolzheimertafel@gmx.eu,http://www.herbolzheimer-tafel.de
Herforder Tafel e. V.,barbara@bbeckmann.de,http://www.herforder-tafel.de
Hermannsburger Tafel e. V.,hermannsburger-tafel@web.de,
Hermeskeiler Tafel St. Martinus e. V.,mende.bega@t-online.de,
Herner Tafel e.V.,martin.berswordt@asb-mail.de,http://www.herner-tafel.de
Herrenberger Tafel,,http://www.drk-herrenberg.de
Herrschinger Tafel,k.h.bauer@gmx.de,http://www.herrschinger-tafel.de
Hertener Tafel,info@caritas-herten.de,http://www.caritas-herten.de
Herzberger Tafel,ase-herzberg@alv-brandenburg.de,
Herzogenrather Tafel e.V.,info@dieter-lecher.de,
Heslacher Tafel,mail@stuttgarter-tafel.de,http://www.schwaebische-tafel-stuttgart.de
Heubacher Tafel,heubacher.tafel@tafelladen.de,
Hildburghäuser Tafel,info@hildburghaeuser-tafel.de,http://www.diakoniewerk-son-hbn.de
Hildener Tafel,info@skfm-hilden.de,http://www.skfm-hilden.de
Hildesheimer Tafel e.V.,info@hildesheimer-tafel.de,http://www.hildesheimer-tafel.de
Höchberger Tafel e. V.,marossbach@gmx.de,http://www.hoechberger-tafel.de
Hochschwarzwälder Tafel,cv.hochschw@caritas-dicv-fr.de,http://www.caritas-breisgau-hochschwarzwald.de
Hockenheimer Tafel,hubert.mitsch@kv-mannheim.drk.de,http://www.mannheimer-tafel.de
Hofgeismarer Tafel,hofgeismarer-tafel@ekkw.de,http://www.dw-hog-woh.de
Hohenstein-Ernstthaler Tafel,gfa-verwaltung@freenet.de,http://www.gfa-hot.de
Hohenwestedter Tafel,hohenwestedter-tafel@gmx.de,http://www.hohenwestedter-tafel.de
Hohenzollern Tafel,bummer@caritas-hechingen.de,
Holzkirchner Tafel e. V.,info@holzkirchner-tafel.de,http://www.holzkirchner-tafel.de
Holzmindener Tafel e.V.,info@tafel-holzminden.de,http://www.tafel-holzminden.de
Homberger Tafel,info@homberger-tafel.de,http://www.homberger-tafel.de
Homburger Tafel e.V.,tafel-homburg@arcor.de,http://www.homburger-tafel.de
Horber Tafel,peck@caritas-schwarzwald-gaeu.de,http://www.caritas-schwarzwald-gaeu.de
Hornberger Tafel,admin@awo-hornberg.de,
Hoyerswerdaer Tafel,hoyerswerda@vbff-zitau.de,
Hückelhovener Tafel e. V.,h.witges@gmx.net,http://www.hueckelhovener-tafel.de/
Hünfelder Tafel,info@drk-huenfeld.de,http://www.drk-huenfeld.de
Hungener Tafel,ev.kirchengemeinde2.hungen@ekhn-net.de,http://www.hungener-tafel.info/
Hürther Tafel e. V.,info@huerther-tafel.de,http://www.huerther-tafel.de
Husumer Tafel,info@husumer-tafel.de,http://www.husumer-tafel.de
Hutthurmer Tafel,herbert-oberneder@t-online.de,http://www.hutthurmertafel.de
Ibbenbürener Tafel,kurlemann@skf-ibbenbueren.de,http://www.skf-ibbenbueren.de/praktische_hilfen.html
Idar-Obersteiner Tafel,idar-obersteiner-tafel@kreuznacherdiakonie.de,http://www.kreuznacherdiakonie.de
Idsteiner Tafel,tafelidstein@dwrt.de,http://www.dwrt.de
Illertisser Tafel e. V.,,
Ilmenauer Tafel,tafel-ilmenau@ms-arn.de,
Ingolstädter Tafel e.V.,info@ingolstaedter-tafel.de,
Inntaler Tafel,p-h-hanusch@online.de,
Iserlohner Tafel,info@caritas-iserlohn.de,
Isnyer Tafel,pfeffer.s@caritas-bodensee-oberschwaben.de,
Itzehoer Tafel,ha.ahmling@online.de; antoinette.deister@web.de,
Jenaer Tafel e.V.,tafelhaus@jenaertafel.de,http://www.jenaertafel.de
Jessener Tafel,margit.mehr@web.de,
Jeversche Tafel e. V.,hgowl@t-online.de,
Jülicher Tafel e.V.,post@juelicher-tafel.de,http://www.juelicher-tafel.de
Jüterboger Tafel,tafel-jueterbog@alv-brandenburg.de,http://www.alv.brandenburg.de
Kaiserslauterer Tafel e.V.,tafelkaiserslautern@gmx.de,http://www.senioren-kaiserslautern.de
Kaller Tafel e.V.,Kaller-Tafel@t-online.de,http://www.kaller-tafel.de
Kaltenkirchener Tafel e.V.,info@kaltenkirchener-tafel.de,http://www.kaltenkirchener-tafel.de
Kamenzer Tafel e.V.,b'info@kamenzer\xe2\x80\x90tafel.de',b'http://www.kamenzer\xe2\x80\x90tafel.de'
Kappelner Tafel e. V.,kappelner.Tafel@yahoo.de,http://www.kappelner-tafel.de
Karlsruher Tafel e.V.,ursula.hoehn@karlsruher-tafel.de,http://www.karlsruher-tafel.de
Karlstadter Tafel e. V.,karlstadter.tafel@web.de,http://www.karlstadtertafel.de
Kasseler Tafel e.V.,kasseler-tafelev@arcor.de,
Kaufbeurer Tafel - Gratislädle e.V.,gertrud.sauter@web.de,
Kehler Tafel,kehl-dorf@web.de,
Kelheimer Tafel,h.kuffer@caritas-kelheim.de,http://www.caritas-kelheim.de
Kempener Tafel,brunowrede@martinus-hilfe.de,
Kemptener Tafel,info@kvoberallgaeu.brk.de,http://www.brk-oberallgaeu.drk.de
Kerpener Tafel,manfred.pillen@online.de,http://www.kerpener-tafel.de
Kevelaer Tafel,wilfriedbinn@t-online.de,http://www.kevelaerer-tafel.de
Kieler Tafel e.V.,info@kielertafel.de,http://www.kielertafel.de
Kirchheim-Heimstettener Tafel e.V.,,http://www.ki-hei-ta.de
Kirchheimbolander Tafel,tafel@kv-kibo.drk.de,http://www.kv-kibo.drk.de
Kirchheimer Tafel,klaus.roth@kv-nuertingen.drk.de,
Kirner Tafel e.V.,tafel@kirn.de,http://www.tafel.kirn.de
Kissinger Tafel e.V.,info@kissinger-tafel.de,http://www.kissinger-tafel.de
Kitzinger Tafel e.V.,info@kitzinger-tafel.de,
Klever Tafel,klever-tafel@t-online.de,
Koblenzer Tafel e.V.,jneitzer@rz-online.de,
Kolbermoorer Tafel,dagmar.badura@diakonie-rosenheim.de,
Kölner Tafel e.V.,info@koelner-tafel.de,http://www.koelner-tafel.de
Königs Wusterhausener Tafel,ase-koenigswusterhausen@alv-brandenburg.de,
Königsbrunner Tafel,koenigsbrunner.tafel@gmx.de,http://www.koenigsbrunner-tafel.de
Königswinterer Tafel,peter.sieler@awo-bnsu.de,http://www.awo-bonn-rhein-sieg.de
Konstanzer Tafel,info@konstanzertafel.de,http://www.konstanzertafel.de
Korbacher Tafel e. V.,info@korbacher-tafel.de,http://www.korbacher-tafel.de
Köthener Tafel e. V.,ronald.kurek@vhsbw.de,
Krefelder Tafel e.V.,krefelder-tafel@t-online.de,http://www.krefelder-tafel.de
Kropper Tafel,Tafel.Kropp@johanniter.de,
Kulmbacher Tafel e. V.,elfriede.hoehn@gmx.de,http://www.kulmbacher-tafel.de
Künzelsauer Tafel,info@diakonie-kuenzelsau.de,http://www.diakonie-kuenzelsau.de
Kürtener Tafel e. V.,kuertener-tafel@t-online.de,
Kuseler Tafel e. V.,info@kuseler-tafel.de,http://www.kuseler-tafel.de
"Laatzener Tafel für Hemmingen, Laatzen und Pattensen e.V.",info@laatzener-tafel.de,http://www.laatzener-tafel.de
Lahrer Tafel,ingrid.schatz@diakonie.ekiba.de,
Laichinger Tafel,karin.berweck@gmx.de,
Lampertheimer Tafel,gabriele.luebbe@dw-b.de,http://www.lampertheimer-tafel.de
Landauer Tafel e. V.,landauertafel-baudisch@web.de,http://www.landauer-tafel.de
Landesverband der Hessischen Tafeln e.V.,willi.schmid@t-online.de,http://www.tafel-hessen.de
Landesverband der Tafeln Bayerns e.V.,haupka.tafel@t-online.de,
Landesverband der Tafeln in Baden-Württemberg,wolfhart.vonzabiensky@tafel-baden-wuerttemberg.de,http://www.tafel-baden-wuerttemberg.de
Landesverband der Tafeln in Berlin-Brandenburg-Prignitzer Tafel e. V.,prignitzertafeln@gmx.de,
Landesverband der Tafeln in Mecklenburg-Vorpommern e. V.,hoffmann@warener-tafel.de,
Landesverband der Tafeln in Niedersachsen und Bremen e. V.,karl-heinz.krueger@t-online.de,http://www.tafel-niedersachsen.de
"Landesverband der Tafeln in Niedersachsen und Bremen e. V., zuständig für Nds. Süd",juttaguenter.meyer@t-online.de,http://www.tafel-niedersachsen.
"Landesverband der Tafeln in Niedersachsen und Bremen e. V., zuständig für Nds./HB Ost",nienburger-tafel@gmx.de,http://www.tafel-niedersachsen.de
"Landesverband der Tafeln in Niedersachsen und Bremen e. V., zuständig für Region Nds. West",wolfgang.vox@nordhorner-tafel.de,http://www.tafel-niedersachsen.de
Landesverband der Tafeln in Sachsen-Anhalt e. V.,kontakt@tafeln-sachsen-anhalt.de,http://tafeln-sachsen-anhalt.de/
Landesverband der Tafeln in Schleswig-Holstein / Hamburg e.V.,lvshhh-hildebrandt@hotmail.com,
Landesverband der Tafeln in Schleswig-Holstein / Hamburg e.V.,lvshhh-hildebrandt@hotmail.com,
Landesverband der Tafeln Rheinland-Pfalz und Saarland c/o Bad Kreuznacher Tafel,vorsitzende@tafeln-lv-rlps.de,
Landesverband der Thüringer Tafeln e. V.,vorstand@thueringer-tafeln.de,
Landesverband Nordrhein-Westfalen,w.weilerswist@tafeln-nrw.de,
Landesverband Sächsische Tafeln e. V.,info@landesverband-saechsische-tafeln.de,http://www.landesverband-saechsische-tafeln.de
Landsberger Tafel e. V.,landsberger-tafel@gmx.de,http://www.landsberger-tafel.de
Landshuter Tafel,info@landshuter-tafel.de,http://www.landshuter-tafel.de
Landstuhler Tafel,nickolaus@kv-kl-land.drk.de,http://www.kv-kl-land.drk.de
Langenauer Tafel,birgit@erodiertechnik.de,
Langener Tafel e.V.,info@langener-tafel.de,http://www.langener-tafel.de
Langenhagener Tafel e.V.,info@langenhagener-tafel.de,http://www.langenhagener-tafel.de
Langenzenner Tafel e. V.,kontakt@langenzenner-tafel.de,http://www.langenzenner-tafel.de
Langerweher Tafel e. V.,post@langerweher-tafel.de,http://www.langerweher-tafel.de
Lathener Tafel,agatz.bruns@t-online.de,http://www.Lingener-Tafel.de/Lathen
Lauda-Königshöfer Tafel,lauda-koenigshoefer-tafel@diakonie-tbb.de,http://www.diakonie-tbb.de
Lauenburger Tafel e.V.,Friederike@Betge.de,http://www.lauenburger-tafel.de
Laufener Tafel,pv-laufen@erzbistum-muenchen.de,
Lautaer Tafel,frech.lauta@web.de,
Lauterbacher Tafel e. V.,lauterbacher-tafel@t-online.de,http://www.lauterbacher-tafel.de
Lauterecker Tafel e.V.,hanshabermann@aol.com,
Lebacher Tafel,tafel.lebach@gmx.de,http://www.caritas-saarlouis.de
Leeraner Tafel,tafel.poppen@twleer.de,http://www.leeraner-tafel.de
Lehrter Tafel e. V.,lehrter-tafel@gmx.de,
Leichlinger Tafel e. V.,info@leichlinger-tafel.de,http://www.leichlinger-tafel.de
Leimener Tafel,kuhn.elektro.gmbh@t-online.de,
Leinefelder Tafel,vdbeichsfeld@aol.com,
Leipziger Tafel e.V.,kontakt@leipziger-tafel.de,http://www.leipziger-tafel.de
Lengericher Tafel e.V.,renate.volkwein@osnanet.de,http://www.lengericher-tafel.de
Lenggrieser Tafel,opitzulrich@aol.com,
Leonberger Tafel,tafel@diakonie-leonberg.de,
Leutkircher Tafel,kuon@drk-kv-wangen.de,http://www.leutkircher-tafel.de
Leverkusener Tafel e.V.,leverkusener-tafel-ev@t-online.de,http://www.leverkusener-tafel.de
Lichtenfelser Tafel,kreische@diakonie-klm.de,http://www.diakonie-klm.de
Lilienthaler Tafel e.V.,tafellilienthal@aol.com,http://www.lilienthaler-tafel.de
Lindauer Tafel,harald.thomas@caritas-lindau.de,http://www.caritas-lindau.de
Lindenberger Tafel,harald.thomas@caritas-lindau.de,
Lingener Tafel e.V.,info@lingener-tafel.de,http://www.lingener-tafel.de
Lintforter Tafel,e.stuening@grafschafter-diakonie.de,http://www.diakonie-moers.de
Linzer Tafel e.V.,werner.doetsch@t-online.de,
Lippstädter Tafel,karbowski@caritas-soest.de,http://www.caritas-soest.de
Lohmarer Tafel,lohmarer-tafel@web.de,http://www.skm-rhein-sieg.de
Lohner Tafel e.V.,lohner.tafel@ewetel.net,http://www.lohner-tafel.de
Lohrer Tafel,info@lohrer-tafel.de,http://www.lohrer-tafel.de
Löninger Tafel e. V.,tafelausgabe@ewetel.net,http://www.loenninger-tafel.de
Lübbecker Land Tafel,luebbecker-land-tafel@alz-minden.de,http://www.alz-minden.de
Lübbener Tafel,sozailakademie@asf-brandenburg.de,http://www.asf-brandenburg.de
Lübecker Tafel e.V.,info@luebeckertafel.de,http://www.luebeckertafel.de
Lüchow-Dannenberger Tafel e. V.,goede-wolfgang@t-online.de,
Luckauer Tafel,info@asf-brandenburg.de,http://www.asf-brandenburg.de
Luckenwalder Tafel,tafel-luckenwalde@alv-brandenburg.de,http://www.alv-brandenburg.de
Lüdenscheider Tafel e.V.,info@tafel-luedenscheid.de,http://www.luedenscheider-tafel.de
Lüdinghauser Tafel e.V.,luedinghauser-tafel@versanet.de,http://www.luedinghauser-tafel.de
Ludwigshafener Tafel,ludwigshafener.tafel@t-online.de,http://www.vehra-lu.de
LudwigsTafel e.V.,info@ludwigstafel.de,http://www.ludwigstafel.de
Lüneburger Tafel e.V.,tafel@luenecom.de,http://www.lueneburger-tafel.de
Lütjenburger Tafel,info@ploener-tafel.de,http://www.ploener-tafel.de
Magdeburger Tafel,info@aqb-md.de,http://www.aqb-md.de
Mainburger Tafel,rosmarie.g@web.de,
Maintaler Tafel,tafel@buergerhilfe-maintal.de,http://buergerhilfe-maintal.de
Mainzer Tafel e.V.,info@mainzer-tafel.de,http://www.mainzer-tafel.de
Malchiner Tafel,frank.korrmann@sozialwerk.net,http://www.sozialwerk.net
Manchinger Tafel e. V.,manchinger.tafel@web.de,
Mannheimer Tafel,hubert.mitsch@kv-mannheim.drk.de,http://www.mannheimertafel.de/
Marbacher Tafel,Marbacher.Tafel@web.de,http://www.marbacher-tafel.de
Marburger Tafel e.V.,info@marburgertafel.de,http://www.marburgertafel.de
Markdorfer Tafel,markdorfer-tafel@t-online.de,http://www.ekima.de/html/markdorfer_tafel349.html
Markgräfler Tafel e. V.,info@markgraefler-tafel.de,http://www.markgraefler-tafel.de
Marktheidenfelder Tafel,info@marktheidenfelder-tafel.de,http://www.marktheidenfelder-tafel.de
Marktoberdorfer Tafel,info@caritas-oal.de,
Marktredwitzer Tafel e.V.,,
Marler Tafel e. V.,info@marler-tafel.de,http://marler-tafel.de
Mayener Tafel,michels-proft-i@caritas-mayen.de,
Mechernicher Tafel e.V.,w.weilerswist@web.de,
Meerbuscher Tafel,dirk.thorand@meerbusch-hilft.de,
Meinerzhagener Tafel,klaus@kemper-kohlhase.de,
Meininger Tafel,info@sozialwerk-meiningen.de,http://www.sozialwerk-meiningen.de
Meißner Tafel,info@meissnertafel.de,http://www.meissnertafel.de
Meitinger Tafel,c.moeritz@sozialstation-meitingen.de,
Meldorfer Tafel,info@hoelp.de,http://www.hoelp.de
Meller Tafel e.V.,vorstand@meller-tafel.de,http://www.meller-tafel.de
Melsunger Tafel,info@melsunger-tafel.de,http://www.melsunger-tafel.de
Memminger Tafel,skm-memmingen@t-online.de,
Mengener Tafel / Martinslädle,,
Meppener Tafel,meppen@lingener-tafel.de,http://www.lingener-tafel.de
Meringer Tafel,st.michael.mering@bistum-augsburg.de,
Merziger Tafel,merzig@ekir.de,
Mescheder Tafel,m.rosenkranz@caritas-meschede.de,
Meßkircher Tafel,tafel-messkirch@kv-sigmaringen.de,
Mettmanner Tafel,g.fleter@diakonie-kreis-mettmann.de,http://www.diakonie-kreis-mettmann.de/cm/index.php?id=39
Metzinger Tafel,dbs-metzingen@kirch-reutlingen.de,http://www.diakonie-reutlingen.de
Miesbacher Tafel,tafel@kvmiesbach.brk.de,http://www.brk-miesbach.de
Mindelheimer Tafel,mindelheimer.tafel@t-online.de,
Mindener Tafel e. V. / St. Martin,mindener.tafel@t-online.de,
Mitterteicher Tafel e.V.,tafel.mitterteich@online.de,http://www.mitterteichertafel.de
Mittweidaer Tafel,mittweidaer.tafel@netzwerk-mittweida.de,http://www.mittweidaer-tafel.de
Möckeraner Tafel,wolfgang.auerbach@t-online.de,
Moerser Tafel e. V.,,
Möhringer Tafel,mail@stuttgarter-tafel.de,http://schwaebische-tafel-stuttgart.de
Möllner Tafel,,
Mönchengladbacher Tafel e. V.,mg-tafel@t-online.de,http://www.mg-tafel.de
Monheimer Tafel,info@skfm-monheim.de,http://skfm-monheim.de/tafel.htm
Monschauer Tafel e. V.,monschauer-tafel@web.de,
Moosburger Tafel,julsch@online.de; guenter.Miss@caritasmuenchen.de,
Mosbacher Tafel,tafelladen@drk-mosbach.de,http://www.drk-mosbach.de
Mössinger Tafel e.V.,,
Mucher Tafel,rosae.jansen@gmx.de,http://www.mucher-tafel.de
Mühlacker Tafel e.V.,muehlacker-tafel@t-online.de,http://www.tafelladen-muehlacker.de
Mühldorfer Tafel,d_kuenzel@hotmail.com,
Mühlhäuser Tafel,diakonie-muehlhausen@t-online.de,http://www.diakonie-muehlhausen.de
Mülheimer Tafel,werner@diakoniewerk-muelheim.de; farrenberg@diakoniewerk-muelheim.de,http://www.diakoniewerk-muelheim.de
Münchner Tafel e.V.,info@muenchner-tafel.de,http://www.muenchner-tafel.de
Mündener Tafel e. V.,dw.muenden@evlka.de,http://www.diakonie-muenden.de
Mündersche Tafel e. V.,info@muendersche-tafel.de,http://www.muendersche-tafel.de
Münsinger Tafel,info@diakonie-muensingen.de,http://www.diakonie-reutlingen.de/
Münster Tafel e.V.,kontakt@muenster-tafel.de,http://www.muenster-tafel.de
Munsteraner Tafel,munsteraner-tafel@t-online.de,http://www.munsteraner-tafel.de
Murrhardter Tafel e. V.,mueller300749@t-online.de,
Nastätter Tafel,"pommerenke@dwbadems.de, krebs@dwbadems.de",
Nauener Tafel e.V.,,
Naumburger Tafel e.V.,info@tafel-naumburg.de,http://www.tafel-naumburg.de
Neckargemünder Tafel e.V.,ritahuetter@gmx.de,http://www.neckargemuender-tafel.de
Neckarsulmer Tafel,tafel@diakonie-heilbronn.de,
Nettetaler Tafel e.V.,hans.aldenkirchs@gmx.de,http://www.nettetaler-tafel.de
Neu-Ulmer Tafel,kast@kvneu-ulm.brk.de,
Neubrandenburger Tafel e. V.,nb1-tafel@t-online.de,
Neuburger Tafel e.V.,neuburgertafel@gmx.de,http://www.neuburgertafel.jimdo.com
Neue Grevesmühler Tafel e.V.,Tisch-gvm@t-online.de,
Neukirchen-Vluyner Tafel e. V.,tafel.n-vluyn@t-online.de,
Neumünsteraner Tafel e.V.,tafelkontakt@tafel-nms.de,http://www.tafel-nms.de
Neunkirchen-Seelscheider Tafel,gemeindehaus@seelscheid.de,http://www.seelscheid.de
Neunkirchener Tafel e.V.,elke.rink@t-online.de,http://www.neunkirchener-tafel.de
Neunkircher Tafel,t.moersdorf@caritas-nk.de,http://www.neunkircher-tafel.de
Neuruppiner Tafel,ase-neuruppin@alv-brandenburg.de,
Neusässer Tafel e.V.,neusaesser-tafel@web.de,
Neusser Tafel e. V.,neussertafel@yahoo.de,http://www.neusser-tafel.de
Neustädter Tafel,tafel-neustadt-sachsen@t-online.de,
Neustädter Tafel e. V.,neustaedter.tafel.e.v@t-online.de,http://www.tafel-neustadt.de
Neustadter-Haßlocher Tafel e.V.,info@neustadter-hasslocher-tafel.de,http://www.neustadter-tafel.de
Neustrelitzer Tafel e.V.,t.hildebrandt2@freenet.de,
Neuwieder Tafel,verband@caritas-neuwied.de,
Nienburger Tafel,nienburger-tafel@gmx.de,http://www.nienburger-tafel.de
Nordenhamer Tafel,alznordenham@web.de,
Norder Tafel,tagesaufenthalt@diakonie-norden.de,http://www.diakonie-norden.de
Norderstedter Tafel e.V.,info@norderstedter-tafel.de,http://www.norderstedter-tafel.de
Nordhäuser Tafel e.V.,ndh_tafel@t-online.de,
Nordhorner Tafel e. V.,info@nordhorner-tafel.de,http://www.nordhorner-tafel.de
Nördlinger Tafel,tafel@cadw-noerdlingen.de,
Northeimer Tafel e.V.,northeimer.tafel@arcor.de,http://www.northeimer-tafel.de
Nortorfer Tafel,,
Nürnberger Land Tafel e.V.,mail@nuernberger-land-tafel.de,http://www.nuernberger-land-tafel.de
Nürnberger Tafel e.V.,info@nuernberger-tafel.de,http://www.nuernberger-tafel.de
Nürtinger Tafel,reeb@caritas-fils-neckar-alb.de,http://www.caritas-fils-neckar-alb.de
Oberbergische Tafel e. V. (Gummersbach),info@oberbergische-tafel.de,http://www.oberbergische-tafel.de
Oberderdinger Tafel,gerlindfuchs@yahoo.de,
Oberhausener Tafel e.V.,info@dieoberhausenertafel.de,http://www.dieoberhausenertafel.de
Oberkircher Tafel,info@oberkircher-tafel.de,http://www.oberkircher-tafel.de
Oberlausitzer Tafel e.V.,info@oberlausistzertafel.de,http://www.oberlausitzertafel.de
Oberndorfer Tafel,bianca.zeder@gmx.de,
Oberviechtacher Tafel e. V.,oberviechtacher-tafel@arcor.de,http://www.oberviechtacher-tafel.de
Ochsenfurter Tafel e.V.,l.zitzmann@freenet.de,http://www.ochsenfurter-tafel.de
Ochtruper Tafel e. V.,harryehmke@web.de,http://www.ochtruper-tafel.de
Offenburger Tafel e.V.,info@offenburger-tafel.de,http://www.Offenburger-Tafel.de
Öhringer Tafel,,http://www.diakonie-kuenzelsau.de
Olchinger-Maisacher Tafel,info@buergerstiftung-lkr-ffb,http://www.buergerstiftung-lkr-ffb.de
Oldenburger Tafel e. V. / Holstein,tafel.oldenburg.holstein@t-online.de,
Oldenburger Tafel e.V.,email@oldenburger-tafel.de,http://www.oldenburger-tafel.de
Oldesloer Tafel / EfA e.V.,info.oldesloertafel@online.de. clou@jetbo.de,http://www.oldesloertafel-efa.de
Oppenheimer Tafel e. V.,mh@stadt-oppenheim.de,
Oranienburger Tafel,ase-oranienburg@alv-brandenburg.de,
Oschatzer Tafel e.V.,info@oschatzer-tafel.de,http://www.oschatzer
Oscherslebener Tafel,familienzentrum@drkoschersleben.de,
Osnabrücker Tafel e.V.,welcome@osnabruecker-tafel.de,http://www.osnabruecker-tafel.de
Osterhofener Tafel,osterhofener.tafel@t-online.de,
Osterholzer Tafel,norbert.mathy@evlka.de,http://www.diakonisches-werk-ohz.de
Osteroder Tafel e. V.,osteroder-tafel@t-online.de,http://www.osteroder-tafel.de
Ostlippische Tafel,tafel@barntrupkg.de,http://www.ostlippische-tafel.de
Overather Tafel e.V.,overather.tafel@netcologne.de,http://www.overather-tafel.de
Paderborner Tafel e.V.,info@paderborner-tafel.de,http://www.paderborner-tafel.de
Papenburger Tafel,naujok@skfm-papenburg.de,http://www.skfm-papenburg.de
Parchimer Tafel e.V.,ra.doller@anwalt-parchim.de,
Pasewalker Tafel,alv-sb-uer@t-online.de,
Passauer Tafel,url_r@caritas-passau.de,
Pegnitzer Tafel e. V.,helga.koch@arcor.de,http://www.pegnitzer-tafel.de
Peiner Tafel,peinertafel@kirche-peine.de,http://www.peinertafel.de
Peitzer Tafel,sedlick.a@t-online.de,http://www.wergev.de
Penkuner Tafel,info@ejs-penkun.de,http://www.ejs-penkun.de
Penzberger Tafel,kontakt@penzberger-tafel.de,
Perleberger Tafel e.V.,,
Pfaffenhofener Tafel,tafel@pfaffenhofen.de,http://www.pfaffenhofenertafel.de
Pforzheimer Tafel,gbe-pforzheimertafel@stadt-pforzheim.de,http://www.gbe-pforzheim.de
Pfullendorfer Tafel,bosch.heinz@online.de,
Philippsburger Tafel,tafelladen@caritas-bruchsal.de,http://www.caritas-bruchsal.de
Pinneberger Tafel e. V.,Birgit_Dietrich.Drechsler@t-online.de,
Pirmasenser Tafel e.V.,info@pirmasender-tafel.de,http://pirmasenser-tafel.de
Pirnaer Tafel,pirnaer.tafel@gmx.de,http://www.pirnaer-tafel.info
Plauener Tafel,ali-sachsen@t-online.de,
Plettenberger Tafel,,
Plettenberger Tafel,diakonisches-werk-plettenberg@t-online.de,
Plöner Tafel e.V.,info@ploener-tafel.de,http://www.ploener-tafel.de
Pockinger Tafel e. V.,pockinger-tafel@t-online.de,http://www.pockinger-tafel.de
Poinger Tafel,poingertafel@aol.com,http://www.poinger-tafel.de
Portaner Tafel,porta@alz-minden.de,http://www.alz-minden.de
Pößnecker Tafel,geschaeftsstelle@vs-poessneck.de,http://www.vs-poessneck.de/site1101.htm
Pößnecker Tafel e.V.,Poessneckertafel@aol.com,http://www.poessneckertafel.de
Potsdamer Tafel e.V.,info@potsdamer-tafel.de,http://www.potsdamer-tafel.de
Preetzer Tafel e.V.,info@Preetz-Tafel.de,
Prenzlauer Tafel,,
Pritzwalker Tafel,,
Prümer Tafel,Pruemer-Tafel@gmx.de,http://www.caritas-westeifel.de
Puchheimer-Eichenauer Tafel,info@buergerstiftung-lkr-ffb,http://www.buergerstiftung-lkr-ffb.de
Puderbacher Tafel e. V.,wolfgang.mueller@puderbach.de,http://www.puderbach.de
Quakenbrücker Tafel im Artland e.V.,quakenbruecker-tafel@ewetel.net,http://www.quakenbruecker-tafel.de
Radeberger Tafel e. V.,radeberger-tafel@t-online.de,
Radebeuler Tafel e.V.,radebeulertafel@gmx.de,
Rastatter Tafel e. V.,t.weber@rastatter-tafel.de,http://www.rastatter-tafel.de
Rathenower Tafel e.V.,info@rathenower-tafel.de,http://www.rathenower-tafel.de
Ratinger Tafel e.V.,ingrid@bauer.tv,http://www.ratinger-tafel.de
Ratzeburger Tafel,ratzeburger-tafel@web.de,
Raublinger Tafel,baumann@kvrosenheim.brk.de,
Ravensburger Tafel,gerhard.krayss@rotkreuz-ravensburg.de,http://ravensburger-tafel.de
Recklinghäuser Tafel,info@skf-recklinghausen.de,
Regener Tafel,peter.brueckl@online.de,
Regensburger Tafel e.V.,regensburger.tafel@t-online.de,http://www.regensburgertafel.de
Reichenbacher Tafel e.V.,info@reichenbacher-tafel.de,http://www.reichenbacher-tafel.de
Reinfelder Tafel,reinfeldertafel@gmail.com,
Remchinger Tafel,mail@diakonie-remchingen.de,http://www.diakonie-remchingen.de
Remscheider Tafel e.V.,info@tafel-remscheid.de,http://www.remscheider-tafel.de
Rendsburger Tafel,info@diakonie-rd-eck.de,http://www.diakonie-rd-eck.de
Reutlinger Tafel,rt-tafel@kirche-reutlingen.de,http://www.reutlinger-tafel.de
Rhauderfehner Tafel,Ingrid_Broich@web.de,http://www.arbeitskreis-schule.de
Rhein-Hunsrück-Kreis Tafel e.V.,ludwig.geissbauer@wohnhof-kastellaun.net,http://www.rhk-tafel.de
Rheinbach-MeckenheimerTafel e.V.,u.petersen@bn-online.net,http://www.rheinbacher-tafel.de
Rheinberger Tafel,,
Rheiner Tafel,"martina.schoppe@caritas-rheine.de, elke.tescher@caritas-rheine.de",http://www.caritas-rheine.de
Rheinfelder Tafel e. V.,info@rheinfelder-tafel.de,http://www.rheinfelder-tafel.de
Richtenberger Tafel,,
Riedlinger Tafel,hppetermann@t-online.de,http://www.kv-biberach.de
Riesaer Tafel,tafel@drk-riesa.de,http://www.drk-riesa.de
Rintelner Tafel,h.niemeyer@drk-schaumburg.de,http://www.drk-schaumburg.de
Rockenhauser Tafel,"klaus.kroll@rockenhausen.de, kontakt@diesozialstation.de",
Rommerskirchener Tafel e.V.,info@rommerskirchener-tafel.de,http://www.rommerskirchener-tafel.de
Rosenheimer Tafel,kasa@diakonie-rosenheim.de,
Rösrather Tafel,gerd.wasser@gmx.net,http://www.evkirche-roesrath.de
Rostocker Tafel gGmbH,info@rostocker-tafel.de,http://www.rostocker-tafel.de
Rotenburger Tafel,hero.feenders@ewetel.net,
Rothenburger Tafel,offene-sozialarbeit.rothenburg@diakonie-ansbach.de,
Rother Tafel e. V.,info@rother-tafel.de,http://www.rother-tafel.de
Rottenburger Tafel,matthiaschneider@aol.com,http://www.rottenburgertafel.de
Rottenburger Tafel,hpeters@diakonie-landshut.de,http://www.diakonie-landshut.de
Rotter Tafel e.V.,rotter_tafel@web.de,http://www.rotter-tafel.de
Rotthalmünsterer Tafel,infos@ahrotthalmuenster.brk.de,
Rottweiler Tafel,,
Rügener Tafel,dfb-bergen@freenet.de,
Ruppichtherother Tafel,r.kreuzner@email.de,
Rüsselsheimer Tafel,info@ruesselsheimer-tafel.de,http://www.ruesselsheimer-tafel.de
Saalfelder Tafel e.V.,saalfelder-tafel@arcor.de,http://www.saalfelder-tafel.de
Saarbrücker Tafel e.V.,info@saarbruecker-tafel.de,http://www.saarbruecker-tafel.de
Saarlouiser Tafel,"info@caritas-saarlouis.de, wolfgang-biehl@dwsaar.de",http://www.dwsaar.de
Salzgitter Tafel e.V.,salzgitter-tafel@mittelnet.de,
Salzunger Tafel e. V.,info@salzunger-tafel.de,http://www.salzunger-tafel.de
Salzwedeler Tafel,dw.salzwedel@t-online.de,http://www.salzwedeler-tafel.de
Sangerhäuser Tafel,geschaeftsfuehrung@abi-sangerhausen.de,
Sankt Augustiner Tafel,St.AugustinerTafel@skm-rhein-sieg-kreis.de,http://www.skm-rhein-sieg.de
Schalksmühler Tafel e. V.,erikaostmeyer@schalksmuehler-tafel.de,http://www.schalksmuehler-tafel.de
Schenefelder Tafel e. V.,schenefelder.tafel@gmail.com,http://schenefelder-tafel.de/
Schleizer Tafel,psbs-sok@nexgo.de,
Schleswiger Tafel,schleswiger-tafel@web.de,
Schmalkalder Tafel,kreisstelle@diakonie-schmalkalden.de,http://www.diakonie-schmalkalden.de/tafel.html
Schneeberger Tafel,,http://begegnung.awo-erzgebirge.de
Schneverdinger Tafel e. V.,Alfred.Hoeft@t-online.de,
Schönberger Tafel,schoenberger-tafel@juh-nord.de,http://www.juh-shnw.de
Schönenberg-Kübelberger Tafel,bgm@vgsk.rlp.de,http://schoenenberg-kuebelberger-tafel.de/
Schongauer Tafel,martin.holleschovsky@herzogsaegmuehle.de,http://www.herzogsaegmuehle.de
Schopfheimer Tafel e. V.,info@schopfheimer-tafel.de,http://www.schopfheimer-tafel.de
Schöppenstedter Tafel,tafel-schoepenstedt@gmx.net,
Schorndorfer Tafel,mail@tafel-schorndorf.de,
Schortenser Tafel e. V.,schortenser-tafel@t-online.de,
Schottener Tafel e. V.,a.bill@t-online.de,
Schramberger Tafel,buergerbuero@schramberg.de,
Schrobenhausener Tafel e. V.,eri.bert@web.de,http://www.tafel-sob.de
Schwabacher Tafel,info@fa-schwabach.de,http://fa-schwabach.de
Schwäbisch Gmünder Tafel,schwaebisch.gmuend@tafelladen.de,
Schwäbische Tafel Stuttgart e.V.,mail@stuttgarter-tafel.de,http://www.schwaebische-tafel-stuttgart.de
Schwabmünchner Tafel,andreas.claus@sozialstation-schwabmuenchen.de,
Schwalbacher Tafel,info@tafel-schwalbach.de,http://www.tafel-schwalbach.de
Schwälmer Tafel,info@schwaelmer-tafel.de,http://www.schwaelmer-tafel.de
Schwalmtaler Tafel e.V.,schwalmtaler-tafel@gmx.de,http://www.schwalmtaler-tafel.de
Schwandorfer Tafel,Kreisverband@caritas-schwandorf.de,
Schwarzenbeker Tafel,Tafel@DRK-Schwarzenbek.de,http://www.DRK-Schwarzenbek.de
Schwarzenberger Tafel e.V.,info@schwarzenbergertafel.de,
Schwedter Tafel,schutzhuette-schwedt@web.de,http://www.schutzhuette-schwedt.de
Schweinfurter Tafel e.V.,mail@schweinfurter-tafel.de,http://www.schweinfurter-tafel.de
Schweriner Tafel e.V.,grosch@diakonie-mv.de,
Schwerter Tafel,jd.hedt@werkstatt-im-kries-unna.de,http://www.signal-schwerte.de
Schwetzinger Tafel,info@caritas-rhein-neckar.de,
Seesener Tafel,seesener-tafel@gmx.de,http://www.seesener-tafel.de
Segeberger Tafel e.V.,segebergertafel@googlemail.com,http://www.segeberger-tafel.de
Sehnder Tafel,ralph.ulrich@tc-rb.de,
Selber Tafel,,
Sendener Tafel,anje.esser@ra-esser.de,
Sendener Tafel e. V.,sendener-tafel@t-online.de; info@sendener-tafel.de,http://www.sendener-tafel.de
Senftenberger Tafel,mgh-ilse@alv-brandenburg.de,
Siegburger Tafel,DBHSiegburg@skm-rhein-sieg.de,http://www.skm-rhein-sieg.de
Siegener Tafel e.V.,info@siegener-tafel.de,http://www.siegener-tafel.de
Sigmaringer Tafel,tafel-sigmaringen@kv-sigmaringen.de,http://www.kv-sigmaringen.drk.de
Sindelfinger Tafel,tafelladen@sozialstation-sindelfingen.de,
Singener Tafel e.V.,singenertafel@t-online.de,http://www.singenertafel.de
Sinsheimer Tafel e. V.,info@sinsheimer-tafelladen.de,http://www.sinsheimer-tafelladen.de
Soester Tafel e.V.,michael.koenig@perthes-stiftung.de,http://soester-tafel.de
Solinger Tafel e.V.,info@solinger-tafel.de,http://www.solinger-tafel.de
Soltauer Tafel,info@soltauer-tafel.de,http://www.soltauer-tafel.de
Sömmerdaer Tafel,tafel@soemmerda.de,
Sondershäuser Tafel,info@fau-sondershausen.de,
Sonneberger Tafel,info@sonneberger-tafel.de,http://www.diakoniewerk-son-hbn.de
Sonthofer Tafel,hedwig.besler@caritas-oberallgaeu.de,http://www.caritas-oberallgaeu.de/artikel/15.html
Söruper Tafel,helmut.friedrich@gmx.net,
Speller Tafel,Li_Kor@web.de,
Speyerer Tafel e.V.,vorstand@speyerer-tafel.de,http://www.speyerer-tafel.de
Spremberger Tafel,,http://www.asf-brandenburg.de
Springer Tafel e.V.,becker.e.hp@web.de,http://www.springer-tafel.webnode.com
St. Wendeler Tafel,s.zimmer-lepiorz@caritas-wnd.de,
Stader Tafel,juz.goldapeum@web.de,http://www.diakonieverband-buxtehude-stade.de/dienste/tafel.php?NID=3&amp;NID2=1
Stadthäger Tafel,h.niemeyer@drk-schaumburg.de,http://www.drk-schaumburg.de
Starnberger Tafel e.V.,info@starnbergertafel.de,http://www.starnbergertafel.de
Staßfurter Tafel,ibsev@web.de,
Staufener Tafel e.V.,staufener-tafel@online.de,http://www.staufener-tafel.de
Steinauer/Schlüchterner Tafel e.V.,info@sst-tafel.de,
Steinfurter Tafel,janssen@dw-st.de,
Stendaler Tafel,atiede@paritaet-lsa.de,
Sternberger Tafel e. V.,pischel.sternberg@t-online.de,
Stockacher Tafel,stockachertafel@t-online.de,http://www.singenertafel.de
Stolberger Tafel e.V.,stolbergertafel@netcologne.de,http://www.stolberger-tafel.de
Stollberger Tafel e. V.,info@stollberger-tafel.de; stollberger-tafeln@t-online.de,http://www.tafel-stollberg.de
Stralsunder Tafel,tafel@drk-ruegen-stralsund.de,http://www.drk-ruegen-stralsund.de
Strasburger Tafel,,
Straubinger Tafel,franz-liebl@maltanet.de,
Strausberger Tafel,ase-strausberg@alv-brandenburg.de,
Stutenseer Tafel,tafelladen@caritas-bruchsal.de,http://www.caritas-bruchsal.de
Süderbraruper Tafel,eo.loewenstrom@diakonie-slfl.de,http://www.kirchenkreis-slfl.de
Südtondern Tafel e. V.,suedtondern-tafel@gmx.de,
Suhler Tafel,suhlertafel@web.de,http://www.suhler-tafel.de
Sulinger Tafel,sulinger-tafel@ewetel.net,
Sulzer Tafel,dbs@dekanat-sulz.de,
Süßener Tafel,carisatt-suessen@caritas-fils-neckar-alb.de,
Swisttaler Tafel e.V.,swisttalertafel@gmail.com,
Syker Tafel,Syker-Tafel@evlka.de,http://kirchenkreis-Syke-Hoya.de
Sylter Tafel e.V.,sylter-tafel@t-online.de,
Tafel Altenburg,tali-rvgera@online.de,
Tafel Bad Doberan e.V.,info@tafel-bad-doberan.de,
Tafel Eckental,info@utekrahl.de,
Tafel Egeln - Christophorus Laden,,
Tafel Halberstadt,info@awo-harz.de,http://www.awo-harz.de
Tafel Halberstadt - Ausgabestelle Wärmestube Caritas,info@caritas-magdeburg.de,http://www.caritas-magdeburg.de
Tafel Hallbergmoos,nbhallbergmoos@gmx.de,http://www.nbh-hallbergmoos.de
Tafel Kahla e.V.,tina.staude@gmx.de,
Tafel Loisachtal,tom@tcschneider.de,
Tauberbischofsheimer Tafel,tafelladen@caritas-tbb.de,http://www.caritas-tbb.de
Taufkirchner Tafel,hansjuergen.degener@web.de,http://www.taufkirchener-tafel.de
Teisendorfer Tafel,teisendorfer-tafel@t-online.de,
Tettnanger Tafel e. V.,info@Tettnanger-Tafel.de,http://www.Tettnanger-Tafel.de
Tölzer Tafel,,
Tönninger Tafel,marcinczyk@dw-husum.de,http://www.dw-husum.de
Torgauer Tafel e. V.,tafeltorgau@gmail.com,http://www.tafel-to.de
Töster Tafel,info@hergersverein-tostedt.de,
Traunreuter Tafel,,http://www.traunreuter-tafel.de/
Traunsteiner Tafel e. V.,vorstand@traunsteiner-tafel.de,http://www.traunsteiner-tafel.de
Treuchtlinger Tafel e. V.,,
Trierer Tafel,h.neumaerker@skf-trier.de,http://www.skf-trier.de
Trittauer Tafel e.V,trittauer.tafel@t-online.de,http://www.trittauer-tafel.de
Troisdorfer Tafel,TroisdorferTafel@skm-rhein-sieg-kreis.de,http://www.skm-rhein-sieg.de
Trossinger Tafel,tafelladen.trossingen@googlemail.com,
Trostberger Tafel,trostberger-tafel@t-online.de,http://www.trostberger-tafel.de
Tübinger Tafel e.V.,info@tuebingertafel.de,http://www.tuebingertafel.de
Tuttlinger Tafel,tafelladen@diakonie-tuttlingen.de,http://www.diakonie-tuttlingen.de
Twister Tafel,twist@lingener-tafel.de,
Twistringer Tafel,URehling-Laur@lebenswege-ev.de,
Übach-Palenberger Tafel e. V.,d.Bischhaus@uebach-palenberger-tafel.de,http://www.uebach-palenberger-tafel.de/
Überlinger Tafel,info@caritas-linzgau.de,http://www.caritas-linzgau.de
Uelzer Tafel e.V.,verlag@jungekirche.de,
Uetersener Tafel e. V.,uetersener-tafel@t-online.de,http://www.uetersener-tafel.de
Uetzer Tafel,uetzertafel@online.de,
Ulmer Tafel,tafelladen@drk-ulm.de,http://www.drk-ulm.de
Unnaer Tafel e.V.,unnaer-tafel@web.de,http://www.unnaer-tafel.de.ms
Uslarer Tafel e. V.,uslarer.tafel.ev@t-online.de,
Vaihinger Tafel,marek@diakonie-vaihingen.de,http://www.diakonie-vaihingen.de
Vareler Tafel,anita.osterloh@gmx.de,http://www.ev-kirche-varel.de
Vaterstettener Tafel,info@nbh-vaterstetten.de,http://www.nbh-vaterstetten.de
Veitsbronner Tafel e. V.,,http://www.veitsbronn.de
Velberter Tafel,velberter.tafel@diakonie-niederberg.de,
Verdener Tafel e.V.,verdener-tafel@t-online.de,http://www.verdener-tafel.de
Viechtacher Tafel,Evang.-Luth.PfarramtViechtach@t-online.de,
Viernheimer Tafel,hkohl@sankt-himi.de,http://www.viernheimer-tafel.de
Viersener Tafel e.V.,viersener-tafel@gmx.de,http://www.viersener-tafel.de
Villingen-Schwenninger Tafel,,
Vilsbiburger Tafel,info@vilsbiburger-tafel.de,http://www.vilsbiburger-tafel.de
Vilshofener Tafel,vpn456@gmail.com,http://www.tafel-vilshofen.bplaced.net
Völklinger Tafel,tafel-vk@dwsaar.de,http://www.dzvk.dwsaar.de
Vredener Tafel e.V.,gwaning@versanet.de,
Waderner Tafel,d.schmitt@asd.caritas-merzig.de,http://www.caritas-merzig.de
Wagenfelder Tafel,kg.wagenfeld@evlka.de,
Waghäuseler Tafel,tafelladen@caritas-bruchsal.de,http://www.caritas-bruchsal.de
Waiblinger Tafel e. V.,lisa.sproll@waiblinger-tafel.de,http://www.waiblinger-tafel.de
Waldbröler Tafel,gran-family@gmx.de,http://www.ev-kirche-waldbroel.de
Waldhof Tafel / Caritas,stefanie.paul@caritas-mannheim.de,http://www.caritas-mannheim.de/hilfe-und-beratung/menschen-in-notlagen/waldhof-tafel/
Waldkirchener Tafel e. V.,c-slang@t-online.de,
Waldkircher Tafel,info@emmendinger-tafel.de,http://www.emmendinger-tafel.de
Waldshuter Tafel,p.lohmann@caritas-hochrhein.de; j.isele@caritas-hochrhein.de,http://www.caritas-hochrhein.de/s_tafelladen.htm
Walldorfer Tafel e.V.,info@walldorfer-tafel.de,http://www.walldorfer-tafel.de
Walsroder Tafel e.V.,walsroder-tafel.ev@gmx.de,http://www.walsroder-tafel.de
Wangener Tafel,pfeffer.s@caritas-bodensee-oberschwaben.de,
Wanzlebener Tafel,info@drk-wanzleben.de,http://www.drk-wanzleben.de
Warener Tafel,info@warener-tafel.de,http://www.warener-tafel.de
Wariner Tafel e. V.,spriewaldRecht@aol.com,
Warsteiner Tafel e. V.,volkertbahrenberg@t-online.de,http://www.tafel-warstein.de
Wassenberger Tafel,h.witges@gmx.net,
Wasserburger Tafel,elke.pawelski@diakonie-rosenheim.de,
Wassertrüdinger Tafel,andrea-schindler@gmx.de,
Wattenscheider Tafel e.V.,info@wattenscheider-tafel.de,http://www.wattenscheider-tafel.de
Wedeler Tafel e.V.,mail@tafel-wedel.de,http://www.tafel-wedel.de
Weidener Tafel e.V.,info@tafel-weiden-neustadt.de,http://www.tafel-weiden-neustadt.de
Weil der Städter Tafel,info@tafelwds.de,http://www.tafelwds.de
Weilburger Tafel e. V.,anfragen@weilburger-tafel.de,http://www.weilburger-tafel.de
Weilerswister Tafel e. V.,Bernd.Schloesser@web.de,http://www.weilerswister-tafel.de
Weilheimer Tafel,info@weilheimer-tafel.de,http://www.weilheimer-tafel.de
Weimarer Tafel,Weimarer.Tafel@diakonie-wl.de,http://www.diakonie-wl.de/offene-angebote-weimarer-tafel.html
Weingartener Tafel,feyrer@caritas-bodensee-oberschwaben.de,
Weinheimer Tafel - Appel + Ei,weinheimertafel@caritas-rhein-neckar.de,http://www.caritas-rhein-neckar.de
Weinstadt Tafel e. V.,info@weinstadt-tafel.de,http://www.weinstadt-tafel.de
Weißenburger Tafel e.V.,weissenburger-tafel@web.de,http://www.weissenburger-tafel.de
Weißenfelser Tafel,,
Weißenhorner Tafel,m.heinrich@b-r-k.de,http://www-brk-nu.de
Weißwasseraner Tafel,,
Weldener Tafel e.V.,info@weldener-tafel.de,http://www.weldener-tafel.de
Welzower Tafel,,http://www.asf-brandenburg.de
Wendelsteiner Tafel e. V.,,
Werler Tafel,karbowski@caritas-soest.de,http://www.caritas-soest.de
Wermelskirchener Tafel e.V.,info@wermelskirchener-tafel.de,
Wertheimer Tafel,wertheimer-tafel@diakonie-tbb.de,http://www.diakonie-tbb.de
Weseler Tafel e.V.,weseler-tafel@web.de,http://www.weseler-tafel.de
Wesenberger Tafel,wesenberg@kirchenkreis-stargard.de,
Wesselinger Tafel e.V.,info@wesselinger-tafel.de,http://www.wesselinger-tafel.de
Westersteder Tafel,westersteder-tafel@ewetel.net,http://www.westersteder-tafel.de
Westerwaldkreis Tafel,w.kehr@diakonie-westerwald.de,http://www.westerwaldkreis-tafel.de
Wetzlarer Tafel,ev-gemeinde-ng@t-online.de,
Wiesbadener Tafel e.V.,info@wiesbadener-tafel.de,http://www.wiesbadener-tafel.de
Wieslocher Tafel e.V.,sonja.huth@gmx.net,http://www.wieslocher-tafel.de
Wildeshauser Tafel e.V.,info@wildeshauser-tafel.de,http://www.wildeshauser-tafel.de
Wilhelmsburger Tafel,tafel@ai-w.de,http://www.ai-w.de/tafel/
Wilhelmshavener Tafel e.V.,tafelwhv@freenet.de,http://www.tafel-whv.de
Willicher Tafel e. V.,info@willicher-tafel.de,http://www.willicher-tafel.de
Windecker Tafel,Info@win-rosb-tafel.de,
Windsbacher Tafel,kasa.windsbach@web.de,http://www.diakonie-windsbach.de
Winnender Tafel e. V.,winnender-tafel@online.de,http://tafelladen-winnenden.de
Wipperfürther Tafel,info@wipperfuerther-tafel.de,
Wismarer Tafel e.V.,wismarer.tafel@web.de,
Wissener Tafel,wissener.tafel@gmail.com,http://www.wissener-tafel.de
Wittenberger Tafel,,
Wittenberger Tafel e.V.,info@wittenbergertafel.de,http://www.wittenbergertafel.de
Wittener Tafel e.V.,info@wittenertafel.de,http://www.wittenertafel.de
Wittinger Tafel e.V.,wittinger-tafel@t-online.de,http://www.wittingertafel.de
Wittlicher Tafel,rudolf.bollonia@caritas-wittlich.de,http://www.caritas-wittlich.de
Wittmunder Tafel e.V.,wittmunder.tafel.ev@gmx.de,
Witzenhäuser Tafel e.V.,mh.hemann@t-online.de,http://www.witzenhaeuser-tafel.de
Wolfenbütteler Tafel,info@drk-tafeln-wf.de,http://www.drk-tafeln-wf.de
Wolfhager Tafel,wolfhager-tafel@ekkw.de,http://www.hofgeismarer-wolfhager-tafel.de.tl
Wolfsburger Tafel e. V.,info@wolfsburger-tafel.de,http://www.wolfsburger-tafel.de
Wolgaster Tafel,kontakt@awo-ostvorpommern.de,http://www.awo-ostvorpommern.de
Wolmirstedter Tafel,geschaeftsleitung@drk-ohrekreis.de,http://www.drk-ohrekreis.de
Wormser Tafel e. V.,wormser-tafel@gmx.de,http://www.wormser-tafel.de
Wörther Tafel e. V.,woerther.tafel@gmx.de,http://woerther-tafel.de
Wunsiedler Tafel,peter.finsel@gmx.de,
Wunstorfer Tafel e. V.,info@wunstorfer-tafel.de,http://www.wunstorfer-tafel.de
Wuppertaler Tafel e.V./ AHK,info@wuppertaler-tafel.de,http://www.wuppertaler-tafel.de
Würselener Tafel e. V.,info@wuerselener-tafel.de,http://www.wuerselener-tafel.de
Würzburger Tafel e.V.,kontakt@wuerzburger-tafel.de,http://www.wuerzburgertafel.de
Zehdenicker Tafel,ase-zehdenick@alv-brandenburg.de,
Zeitzer Tafel,cjd-zeitz-sabine.schaetzke@t-online.de,http://www.cjd.de
Zerbster Tafel e. V.,kontakt@zerbstertafel.de,
Zevener Tafel,norbert.wolf@kkbz.de,http://www.diakonie-kkbz.de
Zornedinger Tafel e. V.,h.pfeff@web.de,http://www.zornedinger-tafelev.de
Zossener Tafel,tafel-zossen@alv-brandenburg.de,http://www.alv-brandenburg.de
Zülpicher Tafel e.V.,tafel@zuelpich.net,http://www.TAFEL.ZUELPICH.de
Zweibrücker Tafel,Pfarramt.Zweibruecken@Bistum-Speyer.de,
Zwickauer Tafel,info@GemeinsamZieleErreichen.de,http://www.gemeinsamzieleerreichen.de
