METRO Cash & Carry,Mülheim a. d. Ruhr,Heifeskamp 32-36  45475 Mülheim a. d. Ruhr Germany,+49 (211) 17607090,+49 (211) 17607099,"51,4589 6,88129"
METRO Cash & Carry,Schwelm,Saarstraße 9  58332 Schwelm Germany,+49 (211) 17607090,+49 (211) 17607099,"51,287609 7,272296"
METRO Cash & Carry,Essen,Lütkenbrauk 64  45329 Essen Germany,+49 (211) 17607090,+49 (211) 17607099,"51,489365 6,990723"
METRO Cash & Carry,Leverkusen,Syltstraße 13  51377 Leverkusen Germany,+49 (211) 17607090,+49 (211) 17607099,"51,035 7,01094"
METRO Cash & Carry,Köln,Otto-Hahn-Straße 15  50997 Köln Germany,+49 (211) 17607090,+49 (211) 17607099,"50,8584 6,97089"
METRO Cash & Carry,Düsseldorf,Schlüterstraße 3  40235 Düsseldorf Germany,+49 (211) 17607090,+49 (211) 17607099,"51,2362 6,82416"
METRO Cash & Carry,Krefeld,Parkstraße 200  47829 Krefeld Germany,+49 (211) 17607090,+49 (211) 17607099,"51,37441 6,636579"
METRO Cash & Carry,Würselen,Schumannstr. 6  52146 Würselen Germany,+49 (211) 17607090,+49 (211) 17607099,"50,8089 6,15386"
METRO Cash & Carry,Dortmund,Borussiastr. 101  44149 Dortmund Germany,+49 (211) 17607090,+49 (211) 17607099,"51,4933 7,37342"
METRO Cash & Carry,Koblenz,Carl-Zeiss-Straße 6  56070 Koblenz Germany,+49 (211) 17607090,+49 (211) 17607099,"50,38759 7,558569"
METRO Cash & Carry,St. Augustin,Einsteinstraße 28  53757 St. Augustin Germany,+49 (211) 17607090,+49 (211) 17607099,"50,7924 7,17999"
METRO Cash & Carry,Hamburg,Plöner Straße 8  22769 Hamburg Germany,+49 (211) 17607090,+49 (211) 17607099,"53,5642 9,93877"
METRO Cash & Carry,Berlin,Buckower Chaussee 25-35  12277 Berlin Germany,+49 (211) 17607090,+49 (211) 17607099,"52,4133 13,39"
METRO Cash & Carry,Recklinghausen,Querstaße 53  45661 Recklinghausen Germany,+49 (211) 17607090,+49 (211) 17607099,"51,580284 7,187527"
METRO Cash & Carry,Dortmund,Brackeler Straße 51  44145 Dortmund Germany,+49 (211) 17607090,+49 (211) 17607099,"51,5235 7,48915"
METRO Cash & Carry,Duisburg,Max-Peters-Straße 20  47059 Duisburg Germany,+49 (211) 17607090,+49 (211) 17607099,"51,4435 6,76322"
METRO Cash & Carry,Dresden,Marie-Curie-Str. 9  01139 Dresden Germany,+49 (211) 17607090,+49 (211) 17607099,"51,0745 13,6842"
METRO Cash & Carry,Weiterstadt,Im Rödling 8  64331 Weiterstadt Germany,+49 (211) 17607090,+49 (211) 17607099,"49,8953 8,60135"
METRO Cash & Carry,Brunnthal,Zusestrasse 6  85649 Brunnthal Germany,+49 (211) 17607090,+49 (1805) 780500,"48,039158 11,659788"
METRO Cash & Carry,Bremen,Neuenlander Straße 111  28201 Bremen Germany,+49 (211) 17607090,+49 (211) 17607099,"53,051615 8,803471"
METRO Cash & Carry,Berlin,An der Ostbahn 5  10243 Berlin Germany,+49 (211) 17607090,+49 (211) 17607099,"52,509395 13,443257"
METRO Cash & Carry,Hamburg,Papenreye 33  22453 Hamburg Germany,+49 (211) 17607090,+49 (211) 17607099,"53,6134 9,96643"
METRO Cash & Carry,Hamburg,Großmoorbogen 1  21079 Hamburg Germany,+49 (211) 17607090,+49 (211) 17607099,"53,4613 10,0135"
METRO Cash & Carry,Hannover,Am Tönniesberg 16-18  30453 Hannover Germany,+49 (211) 17607090,+49 (211) 17607099,"52,350539 9,694412"
METRO Cash & Carry,Braunschweig,Dieselstraße 13  38122 Braunschweig Germany,+49 (211) 17607090,+49 (211) 17607099,"52,2157 10,4967"
METRO Cash & Carry,Kassel,Werner-Heisenberg-Str. 10  34123 Kassel Germany,+49 (211) 17607090,+49 (211) 17607099,"51,280474 9,496964"
METRO Cash & Carry,Hamburg,Bargkoppelweg 50  22145 Hamburg Germany,+49 (211) 17607090,+49 (211) 17607099,"53,619744 10,155403"
METRO Cash & Carry,Neuss,Jagenbergstrasse 6  41468 Neuss Germany,+49 (211) 17607090,+49 (211) 17607099,"51,1642 6,75403"
METRO Cash & Carry,München,Am Gleisdreieck 15  81243 München Germany,+49 (211) 17607090,+49 (211) 17607099,"48,140594 11,432394"
METRO Cash & Carry,Regensburg,Bajuwarenstraße 11  93053 Regensburg Germany,+49 (211) 17607090,+49 (211) 17607099,"48,995794 12,118024"
METRO Cash & Carry,München,Helene-Wessel-Bogen 39  80939 München Germany,+49 (211) 17607090,+49 (211) 17607099,"48,1945 11,6003"
METRO Cash & Carry,Nürnberg,Donaustraße 135  90451 Nürnberg Germany,+49 (211) 17607090,+49 (211) 17607099,"49,4092 11,0507"
METRO Cash & Carry,Nürnberg,Bucher Hauptstraße 40  90427 Nürnberg Germany,+49 (211) 17607090,+49 (211) 17607099,"49,4932 11,0505"
METRO Cash & Carry,Frankfurt/Main,Guerickestraße 8  60488 Frankfurt/Main Germany,+49 (211) 17607090,+49 (211) 17607099,"50,1352 8,60029"
METRO Cash & Carry,Ludwigshafen,Oderstrasse 2  67071 Ludwigshafen Germany,+49 (211) 17607090,+49 (211) 17607099,"49,4889 8,35014"
METRO Cash & Carry,Saarbrücken,Camphauser Straße 4  66125 Saarbrücken Germany,+49 (211) 17607090,+49 (211) 17607099,"49,2877 7,02601"
METRO Cash & Carry,Frankfurt/Main,Am Riederbruch 10  60386 Frankfurt/Main Germany,+49 (211) 17607090,+49 (211) 17607099,"50,1229 8,73065"
METRO Cash & Carry,Mainz-Kastel,Boelckestraße 78  55252 Mainz-Kastel Germany,+49 (211) 17607090,+49 (211) 17607099,"50,0208 8,29033"
METRO Cash & Carry,Karlsruhe,Bannwaldallee 42  76185 Karlsruhe Germany,+49 (211) 17607090,+49 (211) 17607099,"48,998703 8,369111"
METRO Cash & Carry,Korntal-Münchingen,Motorstraße 16-18  70825 Korntal-Münchingen Germany,+49 (211) 17607090,+49 (211) 17607099,"48,8264 9,10996"
METRO Cash & Carry,Gundelfingen,Industriestr. 42  79194 Gundelfingen Germany,+49 (211) 17607090,+49 (211) 17607099,"48,04648 7,860487"
METRO Cash & Carry,Oldenburg,Gewerbegebiet Tweelbäke II  26135 Oldenburg Germany,+49 (211) 17607090,+49 (211) 17607099,"53,108984 8,267051"
METRO Cash & Carry,Mannheim,Floßwörthstraße 30  68199 Mannheim Germany,+49 (211) 17607090,+49 (211) 17607099,"49,4587 8,49985"
METRO Cash & Carry,Laatzen,Lüneburger Straße  30880 Laatzen Germany,+49 (211) 17607090,+49 (211) 17607099,"52,294 9,82378"
METRO Cash & Carry,Berlin,Nonnendammallee 135  13601 Berlin Germany,+49 (211) 17607090,+49 (211) 17607099,"52,5394 13,2445"
METRO Cash & Carry,Porta Westfalica,Ellernstr. 18  32457 Porta Westfalica Germany,+49 (211) 17607090,+49 (211) 17607099,"52,212184 8,878285"
METRO Cash & Carry,Schönefeld,Grünauer Strasse 5  12529 Schönefeld Germany,+49 (211) 17607090,+49 (211) 17607099,"52,375687 13,563624"
METRO Cash & Carry,Magdeburg,Werner-von-Siemens-Ring 9  39116 Magdeburg Germany,+49 (211) 17607090,+49 (211) 17607099,"52,078385 11,577215"
METRO Cash & Carry,Erfurt,Linderbacher Weg 32  99099 Erfurt Germany,+49 (211) 17607090,+49 (211) 17607099,"50,974256 11,088169"
METRO Cash & Carry,Leipzig,Geithainer Straße 60  04328 Leipzig Germany,+49 (211) 17607090,+49 (211) 17607099,"51,3421 12,4442"
METRO Cash & Carry,Röhrsdorf,Röhrsdorfer Allee 1  09247 Röhrsdorf Germany,+49 (211) 17607090,+49 (211) 17607099,"50,86438 12,860084"
METRO Cash & Carry,Siegen,Eiserfelder Straße 176  57072 Siegen Germany,+49 (211) 17607090,+49 (211) 17607099,"50,856425 8,00942"
METRO Cash & Carry,Neu-Ulm,Borsigstraße 8  89231 Neu-Ulm Germany,+49 (211) 17607090,+49 (211) 17607099,"48,393 10,0193"
METRO Cash & Carry,Augsburg,Dr.-Dürrwanger-Str. 60  86156 Augsburg Germany,+49 (211) 17607090,+49 (211) 17607099,"48,3842 10,8568"
METRO Cash & Carry,Wolgast,Leeranerstr. 4  17438 Wolgast Germany,+49 (3836) 27090,+49 (3836) 270920,"54,046257 13,752717"
METRO Cash & Carry,Greifswald,Am Gorzberg  17489 Greifswald Germany,+49 (3834) 59520,+49 (3834) 595220,"54,073507 13,405309"
METRO Cash & Carry,Kritzow,Karpendiek  2  23970 Kritzow Germany,+49 (3841) 24210,+49 (3841) 242120,"53,889536 11,532613"
METRO Cash & Carry,Mühlhausen,Beim Schwarzenfeld  14  99974 Mühlhausen Germany,+49 (3601) 46430,+49 (3601) 464320,"51,197114 10,477959"
METRO Cash & Carry,Rudolstadt,Oststr.  53  07407 Rudolstadt Germany,+49 (3672) 43300,+49 (3672) 433020,"50,724077 11,360786"
METRO Cash & Carry,Eisenach,Eichrodter Weg 112  99817 Eisenach Germany,+49 (3691) 79100,+49 (3691) 791020,"50,979043 10,294327"
METRO Cash & Carry,Bautzen,Dresdener Str. 57  02625 Bautzen Germany,+49 (3591) 67950,+49 (3591) 310920,"51,179469 14,398617"
METRO Cash & Carry,Hof,An der Hohensaas 12  95030 Hof Germany,+49 (9281) 70760,+49 (9281) 707620,"50,314416 11,877963"
METRO Cash & Carry,Langen,Drangstedter Straße  101  27607 Langen Germany,+49 (4743) 93990,+49 (4743) 939950,"53,62122 8,656836"
METRO Cash & Carry,Uelzen,Im Neuen Felde  42  29525 Uelzen Germany,+49 (581) 90260,+49 (581) 902626,"52,981904 10,562813"
METRO Cash & Carry,Albstadt,Sigmariner Str.  106  72458 Albstadt Germany,+49 (7431) 13080,+49 (7431) 130820,"48,204864 9,042714"
METRO Cash & Carry,Salach,Im Alber  7  73084 Salach Germany,+49 (7162) 930230,+49 (7162) 9302320,"48,685395 9,727952"
METRO Cash & Carry,Satteldorf,Industriestr.  14  74589 Satteldorf Germany,+49 (7951) 94630,+49 (7951) 946320,"49,181411 10,073986"
METRO Cash & Carry,Karlsruhe,Weinweg 43  76137 Karlsruhe Germany,+49 (721) 962270,+49 (721) 9622733,"49,009704 8,447989"
METRO Cash & Carry,Baden-Baden,Lärchenstr.  4  76532 Baden-Baden Germany,+49 (7221) 50620,+49 (7221) 506220,"48,815532 8,196033"
METRO Cash & Carry,Bruchsal,Im Wendelrot  11  76646 Bruchsal Germany,+49 (7251) 97810,+49 (7251) 84629,"49,138407 8,566927"
METRO Cash & Carry,Wangen,Simoniusstr.  7  88239 Wangen Germany,+49 (7522) 79530,+49 (7522) 795320,"47,679852 9,844916"
METRO Cash & Carry,Ravensburg,Bleichstraße 51  88212 Ravensburg Germany,+49 (751) 769640,+49 (751) 7696420,"47,794296 9,61252"
METRO Cash & Carry,Kiel,Tonberg 7  24113 Kiel Germany,+49 (431) 2395190,+49 (431) 239519119,"54,301546 10,133093"
METRO Cash & Carry,Böblingen,Herrenbergerstr. 100  71034 Böblingen Germany,+49 (7031) 441000,+49 (7031) 441300,"48,680778 8,994457"
METRO Cash & Carry,Gomaringen,Ohmenhäuser Str. 15  72810 Gomaringen Germany,+49 (7072) 1360,+49 (7072) 136943,"48,460218 9,103766"
METRO Cash & Carry,Aachen,Am Gut Wolf  52070 Aachen Germany,+49 (241) 918120,+49 (241) 9181220,"50,78927 6,101632"
METRO Cash & Carry,Hannover,Eckenerstraße 2A  30179 Hannover Germany,+49 (511) 6799860,+49 (511) 67998619,"52,417279 9,744062"
METRO Cash & Carry,Stendal,Opelstraße 4  39576 Stendal Germany,+49 (3931) 68470,+49 (3931) 684719,"52,577796 11,871973"
METRO Cash & Carry,Lingen,Handelsstraße 6  49809 Lingen Germany,+49 (591) 710920,+49 (591) 7109210,"52,53832 7,33503"
METRO Cash & Carry,Perleberg,Ackerstraße  19348 Perleberg Germany,+49 (3876) 300430,+49 (3876) 616887,"53,08614 11,857018"
METRO Cash & Carry,Neustrelitz,Gewerbepark Ost  17235 Neustrelitz Germany,+49 (3981) 28690,+49 (3981) 286933,"53,365941 13,08962"
METRO Cash & Carry,Prenzlau,Gewerbestasse 2  17291 Prenzlau Germany,+49 (3984) 86480,+49 (3984) 864819,"53,337774 13,869694"
METRO Cash & Carry,Düren,Aachener Straße 15-17  52353 Düren Germany,+49 (2421) 503222,+49 (2421) 503023,"50,84093 6,454927"
METRO Cash & Carry,Waren,Warendorfer Str.  17192 Waren Germany,+49 (3991) 18320,+49 (3991) 183233,"53,525433 12,646195"
METRO Cash & Carry,Braunschweig,Varrentrappstr. 50  38114 Braunschweig Germany,+49 (531) 256830,+49 (531) 54855,"52,27814 10,508303"
METRO Cash & Carry,Celle,Bremer Weg 203  29223 Celle Germany,+49 (5141) 956070,+49 (5141) 9560719,"52,637013 10,050441"
METRO Cash & Carry,Goslar,Gerhard Weule Str. 1  38644 Goslar Germany,+49 (5321) 37540,+49 (5321) 375419,"51,934497 10,407307"
METRO Cash & Carry,Holzminden,Zeppelinstr. 14  37603 Holzminden Germany,+49 (5531) 12820,+49 (5531) 128219,"51,841469 9,471938"
METRO Cash & Carry,Nienburg,Südring 15  31582 Nienburg Germany,+49 (5021) 60130,+49 (5021) 601319,"52,619102 9,207659"
METRO Cash & Carry,Hameln,Langes Feld 14  31789 Hameln Germany,+49 (5151) 557330,+49 (5151) 5573343,"52,098343 9,396205"
METRO Cash & Carry,Wolfsburg,Krugfeld 16  38448 Wolfsburg Germany,+49 (5361) 61007,+49 (5361) 61135,"52,458556 10,749531"
METRO Cash & Carry,Krefeld,Oppumer Straße 53-63  47799 Krefeld Germany,+49 (2151) 1520610,+49 (2151) 803418,"51,331403 6,581795"
METRO Cash & Carry,Iserlohn,Zur Helle 1  58638 Iserlohn Germany,+49 (2374) 50810,+49 (2374) 508119,"51,377554 7,661542"
METRO Cash & Carry,Lübben,Wiesenweg 17  15907 Lübben Germany,+49 (3546) 22520,+49 (3546) 8078,"51,904835 13,85189"
METRO Cash & Carry,Brandenburg,Caasmannstr. 3  14770 Brandenburg Germany,+49 (3381) 33560,+49 (3381) 335619,"52,404929 12,531816"
METRO Cash & Carry,Salzwedel,Feldstraße 25a  29410 Salzwedel Germany,+49 (3901) 83960,+49 (3901) 839619,"52,8623 11,153695"
METRO Cash & Carry,Nordhausen,Str.d.Genossenschaften 119  99734 Nordhausen Germany,+49 (3631) 902209,+49 (3631) 991911,"51,507491 10,773404"
METRO Cash & Carry,Oranienburg,Sachssenhausener Str. 22  16515 Oranienburg Germany,+49 (3301) 2019610,+49 (3301) 20196119,"52,763848 13,244112"
METRO Cash & Carry,Neumünster,Leinestraße 42  24539 Neumünster Germany,+49 (4321) 851910,+49 (4321) 8519119,"54,0387 10,007348"
METRO Cash & Carry,Wächtersbach,Industriestr. 1  63607 Wächtersbach Germany,+49 (6053) 61520,+49 (6053) 615212,"50,25362 9,300205"
METRO Cash & Carry,Memmingen,Frauenhoferstraße 86  87700 Memmingen Germany,+49 (8331) 924280,+49 (8331) 9242819,"48,000586 10,157257"
METRO Cash & Carry,Heppenheim,Westerwaldstrasse 8  64646 Heppenheim Germany,+49 (6252) 670970,+49 (6252) 6709719,"49,638744 8,613531"
METRO Cash & Carry,Ensdorf,Auf Nauwies 12  66806 Ensdorf Germany,+49 (6831) 5015960,+49 (6831) 50159619,"49,300352 6,769954"
METRO Cash & Carry,Trier,Monaiser Str. 1  54294 Trier Germany,+49 (651) 82580,+49 (651) 8258219,"49,7201 6,59184"
METRO Cash & Carry,Linden,Gewerbegebiet an der B3  35440 Linden Germany,+49 (211) 17607090,+49 (1805) 780500,"50,5408 8,65309"
METRO Cash & Carry,Esslingen,Dornierstraße 9  73730 Esslingen Germany,+49 (211) 17607090,+49 (1805) 780500,"48,7187 9,34512"
Real,Magdeburg,Olvenstedter Graseweg 37  39128 Magdeburg Germany,+49 (391) 25675,+49 (391),"52,159747909691 11,606777988104"
Real,Essen,Haedenkampstraße 21  45143 Essen Germany,+49 (201) 1258680,+49 (201) 125868180,"51,458095374853 6,98345718455"
Real,Bremen,Alter Dorfweg 30-50  28259 Bremen Germany,+49 (421) 576610,+49 (421) 5766119,"53,047794463084 8,743575566795"
Real,Kaiserslautern,Mannheimer Straße 234 - 236  67657 Kaiserslautern Germany,+49 (631) 41520,+49 (631) 4152439,"49,442931414425 7,817046519981"
Real,Berlin,Müllerstr. 47  13349 Berlin Germany,+49 (30) 4579950,+49 (30) 45799518,"52,55237628378 13,350821606534"
Real,Berlin,Stendaler Straße 24  12627 Berlin Germany,+49 (30) 9928880,+49 (30) 992888293,"52,538232490269 13,605431910079"
Real,Bexbach,Poststr. 1  66450 Bexbach Germany,+49 (6826) 93560,+49 (6826) 9356800,"49,345798935067 7,251779008544"
Real,Brühl,Mannheimer Landstr. 2  68782 Brühl Germany,+49 (6202) 70670,+49 (6202) 7067800,"49,410355691692 8,541228082332"
Real,Karlsruhe,Ortenbergstr. 8  76135 Karlsruhe Germany,+49 (721) 7817130,+49 (721) 781713180,"48,991322935944 8,375966886988"
Real,Kenn,Mosel-Einkaufs-Zentrum  54344 Kenn Germany,+49 (6502) 91340,+49 (6502) 9134800,"49,803823564348 6,716385393515"
Real,Wiesbaden,Äppelallee 69  65203 Wiesbaden Germany,+49 (611) 5050750,+49 (611) 505075222,"50,04649241615 8,215991294406"
Real,Mannheim,Spreewaldallee 38-40  68309 Mannheim Germany,+49 (621) 7621160,+49 (621) 762116182,"49,51915098288 8,556017904057"
Real,Gießen,Gottlieb-Daimler-Str. 27  35398 Gießen Germany,+49 (641) 60010,+49 (641) 6001990,"50,580172580615 8,645622623386"
Real,Wülfrath,Alte Ratinger Landstraße 8  42489 Wülfrath Germany,+49 (2058) 77680,+49 (2058) 7768800,"51,278658674734 7,020794963346"
Real,Singen,Georg-Fischer-Straße 15  78224 Singen Germany,+49 (7731) 95640,+49 (7731) 9564800,"47,753005507595 8,84577668608"
Real,Köln,Rudolf-Diesel-Str. 32-36  51149 Köln Germany,+49 (2203) 590400,+49 (2203) 59040800,"50,902326306727 7,072579117789"
Real,Weilheim,Kaltenmoser Straße 28  82362 Weilheim Germany,+49 (881) 94300,+49 (881) 943030,"47,843282054353 11,149923745587"
Real,Wolfenbüttel,Am Wasserwerk 3  38304 Wolfenbüttel Germany,+49 (5331) 40070,+49 (5331) 4007850,"52,150281781851 10,542820580246"
Real,Wolfsburg,Hehlinger Straße 21  38446 Wolfsburg Germany,+49 (5363) 94250,+49 (5363) 94259,"52,398256261639 10,837443096301"
Real,Ratingen,Am Sandbach 30  40878 Ratingen Germany,+49 (2102) 997770,+49 (2102) 99777800,"51,296389242516 6,831518718048"
Real,Dortmund,Wulfshofstraße 6-8  44149 Dortmund Germany,+49 (231) 6968860,+49 (231) 696886180,"51,494447775739 7,370721029504"
Real,Witten,Annenstr. 133  58453 Witten Germany,+49 (2302) 956360,+49 (2302) 95636800,"51,44664717034 7,369902036001"
Real,Leverkusen,Stixchesstr. 123  51377 Leverkusen Germany,+49 (214) 869240,+49 (214) 86924180,"51,027673976403 7,014876879448"
Real,Wetzlar,Hörnsheimer Eck  35578 Wetzlar Germany,+49 (6441) 70020,+49 (6441) 700299,"50,537243819866 8,537136346443"
Real,Siegen,Eiserfelder Str. 170  57072 Siegen Germany,+49 (271) 31950,+49 (271) 3195810,"50,857428125237 8,010079496755"
Real,Ettlingen,Huttenkreuzstraße 8  76275 Ettlingen Germany,+49 (7243) 71090,+49 (7243) 710933,"48,945403721622 8,409163015476"
Real,Ludwigshafen,Prälat-Caire-Str. 7  67071 Ludwigshafen Germany,+49 (621) 685440,+49 (621) 6854429,"49,489835798188 8,388166030896"
Real,Homburg,Robert-Bosch-Straße 1  66424 Homburg Germany,+49 (6841) 96080,+49 (6841) 9608800,"49,330429417115 7,339021488697"
Real,Maintal,Wingertstraße 39-43  63477 Maintal Germany,+49 (6181) 40950,+49 (6181) 4095800,"50,130942998146 8,851085693867"
Real,Bühl-Vimbuch,Vimbucher Straße 75  77815 Bühl-Vimbuch Germany,+49 (7223) 93630,+49 (7223) 9363800,"48,724353081184 8,108807614085"
Real,Donaueschingen,Bregstraße 30  78166 Donaueschingen Germany,+49 (771) 832710,+49 (771) 83271800,"47,934806839789 8,49846675609"
Real,Groß Zimmern,Röntgenstr. 1-3  64846 Groß Zimmern Germany,+49 (6071) 9720,+49 (6071) 972800,"49,881387880601 8,811913521308"
Real,Bad Sobernheim,Westtangente 3  55566 Bad Sobernheim Germany,+49 (6751) 9200,+49 (6751) 92055,"49,786573119107 7,63958620461"
Real,Braunschweig,Berliner Straße 53  38104 Braunschweig Germany,+49 (531) 237330,+49 (531) 23733800,"52,283823825415 10,579611814523"
Real,Landau,Dammühlstraße 11  76829 Landau Germany,+49 (6341) 92110,+49 (6341) 9211800,"49,201473626187 8,125193928658"
Real,Mainz,Rheinallee 120  55120 Mainz Germany,+49 (6131) 968950,+49 (6131) 9689548,"50,026564483307 8,229260948749"
Real,Karlsruhe,Durlacher Allee 111  76137 Karlsruhe Germany,+49 (721) 61860,+49 (721) 6186680,"49,004846505599 8,449324556952"
Real,Freiburg,Gundelfinger Str. 4  79108 Freiburg Germany,+49 (761) 51490,+49 (761) 5149800,"48,031048476267 7,861540677597"
Real,Bremen,Vahrer Str. 197  28329 Bremen Germany,+49 (421) 435780,+49 (421) 43578180,"53,069452167815 8,889581464683"
Real,Hamburg,Beim Strohhause 8  20097 Hamburg Germany,+49 (40) 24878100,+49 (40) 24878215,"53,552574433484 10,020344335973"
Real,Darmstadt,Eschollbrücker Str. 44  64295 Darmstadt Germany,+49 (6151) 30040,+49 (6151) 3004800,"49,857103630318 8,633594205973"
Real,Groß-Gerau,Mainzer Str. 50  64521 Groß-Gerau Germany,+49 (6152) 17160,+49 (6152) 1716220,"49,922304500034 8,47302188697"
Real,Ingelheim,Nahering 3  55218 Ingelheim Germany,+49 (6132) 982280,+49 (6132) 98228800,"49,981429442846 8,029304276812"
Real,Dreieich,Robert-Bosch-Str. 15  63303 Dreieich Germany,+49 (6103) 39980,+49 (6103) 3998800,"50,031774741447 8,701699456023"
Real,Wuppertal,Elberfelder Str. 8  42285 Wuppertal Germany,+49 (202) 2803790,+49 (202) 2802632,"51,256932657279 7,165390388887"
Real,Salzgitter,Konrad-Adenauer-Str. 111  38226 Salzgitter Germany,+49 (5341) 84950,+49 (5341) 849529,"52,153398854291 10,344973687627"
Real,Essen,Porscheplatz 2  45127 Essen Germany,+49 (201) 827890,+49 (201) 82789220,"51,457339001681 7,016855874948"
Real,Freising,Gutenbergstraße 2  85354 Freising Germany,+49 (8161) 4857100,+49 (8161) 4857800,"48,38761302711 11,73154683088"
Real,Memmingen,Fraunhofer Str. 8  87700 Memmingen Germany,+49 (8331) 94320,+49 (8331) 94321800,"48,004110081909 10,167527838265"
Real,Rosenheim,Kufsteiner Straße 124  83026 Rosenheim Germany,+49 (8031) 26530,+49 (8031) 63370,"47,838368092038 12,120311989786"
Real,Würzburg,Nürnberger Str. 12  97076 Würzburg Germany,+49 (931) 204100,+49 (931) 204800,"49,799352956381 9,952227301452"
Real,Weingarten,Franz-Beer-Straße 108  88250 Weingarten Germany,+49 (751) 560760,+49 (751) 5607650,"47,797727681884 9,624149495914"
Real,Würzburg,Industriestraße 7  97076 Würzburg Germany,+49 (931) 278890,+49 (931) 27889180,"49,812298815215 9,977018885372"
Real,Norden,Glückauf/Osterstraße 134  26506 Norden Germany,+49 (4931) 93170,+49 (4931) 931729,"53,597070396754 7,212217530867"
Real,Wiesbaden,Mainzer Str.110  65189 Wiesbaden Germany,+49 (611) 71590,+49 (611) 7159800,"50,065910359495 8,252459066031"
Real,Emden,Fritz-Reuter-Straße 2a  26721 Emden Germany,+49 (4921) 94310,+49 (4921) 9431800,"53,388885926533 7,20925376624"
Real,Bremen,Duckwitzstr. 55  28199 Bremen Germany,+49 (421) 51820,+49 (421) 5182262,"53,0659 8,76932"
Real,Oststeinbek,Willinghusener Weg 1  22113 Oststeinbek Germany,+49 (40) 71303100,+49 (40) 71303180,"53,546820813455 10,152698090458"
Real,Berlin,Karl-Marx-Straße 231-235  12055 Berlin Germany,+49 (30) 682816,+49 (30) 682817800,"52,468806524066 13,4436324248"
Real,Querfurt,Nebraer Tor 5  06268 Querfurt Germany,+49 (34771) 73050,+49 (34771) 7305800,"51,373366361227 11,602821421018"
Real,Heidenau,Hauptstraße 3  01809 Heidenau Germany,+49 (3529) 556500,+49 (3529) 556800,"50,977366188174 13,85569145385"
Real,Kritzow,Karpendiek 3  23970 Kritzow Germany,+49 (3841) 2622100,+49 (3841) 2622800,"53,892018487193 11,530858755587"
Real,Mülheim a. d. Ruhr,Heifeskamp 6  45475 Mülheim a. d. Ruhr Germany,+49 (208) 4391210,+49 (208) 439121260,"51,45819505352 6,8850087397"
Real,Lübeck,Alexander-Fleming-Str. 1  23562 Lübeck Germany,+49 (451) 2905780,+49 (451) 290578200,"53,831703401236 10,690230535152"
Real,Wolfsburg,Brandgehäge 9  38444 Wolfsburg Germany,+49 (5308) 404630,+49 (5308) 40463119,"52,370768509069 10,725112951522"
Real,Mutterstadt,An der Fohlenweide 21  67112 Mutterstadt Germany,+49 (6234) 94780,+49 (6234) 9478190,"49,423442880114 8,364757200929"
Real,Edingen-Neckarhausen,Rosenstr. 70  68535 Edingen-Neckarhausen Germany,+49 (621) 4802890,+49 (621) 4814141,"49,453127676298 8,58825337349"
Real,Saarbrücken,Fischbachstr. 121  66125 Saarbrücken Germany,+49 (6897) 952890,+49 (6897) 972981,"49,289900789591 7,026500938497"
Real,Trier,Gottbillstraße 12-18  54294 Trier Germany,+49 (651) 170990,+49 (651) 17099200,"49,72943343091 6,599951067949"
Real,Sinzheim,Industriestr. 22  76547 Sinzheim Germany,+49 (7221) 504390,+49 (7221) 5043990,"48,776314588018 8,176932341907"
Real,Dettingen,Im Schwöllbogen 19  72581 Dettingen Germany,+49 (7123) 72660,+49 (7123) 72729,"48,531278543367 9,329506048676"
Real,Tuttlingen,Rudolf-Diesel-Str. 28  78532 Tuttlingen Germany,+49 (7461) 17970,+49 (7461) 179779,"47,995735209435 8,830271647203"
Real,Kirchentellinsfurt,Wannweiler Str. 77  72138 Kirchentellinsfurt Germany,+49 (7121) 2419190,+49 (7121) 241919205,"48,52644996898 9,14409004127"
Real,Wittlich,Justus-v.-Liebig-Str.  54516 Wittlich Germany,+49 (6571) 97220,+49 (6571) 20674,"49,981196976007 6,908365043972"
Real,Böblingen,Röhrer Weg 15+18  71032 Böblingen Germany,+49 (7031) 722510,+49 (7031) 278464,"48,671998953208 9,014702111777"
Real,Tübingen,Alte Landstraße 45  72072 Tübingen Germany,+49 (7071) 7580,+49 (7071) 758230,"48,496228207721 9,02972540661"
Real,Balingen,Lange Straße 24  72336 Balingen Germany,+49 (7433) 34094,+49 (7433) 381261,"48,260576486404 8,849130031002"
Real,Horb am Neckar,Hahnerstraße 1  72160 Horb am Neckar Germany,+49 (7451) 55360,+49 (7451) 1653,"48,457725489863 8,698950008803"
Real,Kirchheim am Neckar,Max-Eyth-Str. 6  74366 Kirchheim am Neckar Germany,+49 (7143) 9021,+49 (7143) 93303,"49,034525948682 9,147868424548"
Real,Böblingen,Otto-Lilienthal-Strasse 24  71034 Böblingen Germany,+49 (7031) 632000,+49 (7031) 6320010,"48,685607371034 8,983895731105"
Real,Waiblingen,Ruhrstraße 5  71332 Waiblingen Germany,+49 (7151) 5690,+49 (7151) 569280,"48,817273924773 9,300374209613"
Real,Gerlingen,Weilimdorfer Straße 91  70839 Gerlingen Germany,+49 (7156) 20430,+49 (7156) 49345,"48,807488301727 9,076165567645"
Real,Oberndorf am Neckar,Friedrich-List-Straße 10  78727 Oberndorf am Neckar Germany,+49 (7423) 81080,+49 (7423) 810865,"48,296255967683 8,552101329062"
Real,Jettingen,Heilbergstraße 3  71131 Jettingen Germany,+49 (7452) 7430,+49 (7452) 743121,"48,573592414583 8,763781223294"
Real,Nürtingen,Eichendorffstraße 51  72622 Nürtingen Germany,+49 (7022) 25290,+49 (7022) 252920,"48,60710311606 9,349010727093"
Real,Heidenheim,Nattheimer Straße 100  89520 Heidenheim Germany,+49 (7321) 35060,+49 (7321) 350660,"48,70190655066 10,167614108824"
Real,Potsdam,Nuthestraße  14480 Potsdam Germany,+49 (331) 66960,+49 (331) 6696293,"52,371412289319 13,13656819953"
Real,Berlin,Badstraße 4  13357 Berlin Germany,+49 (30) 4930690,+49 (30) 493069290,"52,549822756718 13,390982015359"
Real,Düsseldorf,Schlüterstraße 3b  40235 Düsseldorf Germany,+49 (211) 1592610,+49 (211) 159261250,"51,237680774715 6,822659577901"
Real,Nienburg,Kräher Weg 1  31582 Nienburg Germany,+49 (5021) 91650,+49 (5021) 17489,"52,64214896938 9,225418756645"
Real,Hannover,Davenstedter Straße 80  30453 Hannover Germany,+49 (511) 9239930,+49 (511) 2123300,"52,36653545006 9,69847256316"
Real,Hermsdorf,Am Elbepark  39326 Hermsdorf Germany,+49 (39206) 6860,+49 (39206) 68619,"52,17768794825 11,481724518527"
Real,Braunschweig,Otto von Guericke-Straße 2  38122 Braunschweig Germany,+49 (531) 121970,+49 (531) 895856,"52,242782144745 10,511406422131"
Real,Stuhr,Proppstraße 164  28816 Stuhr Germany,+49 (4206) 41480,+49 (4206) 414819,"53,013140841529 8,705584518652"
Real,Isernhagen,Opelstraße 3-5  30916 Isernhagen Germany,+49 (511) 61580,+49 (511) 6151115,"52,423821396896 9,83458279939"
Real,Gifhorn,Eysselheideweg 5  38518 Gifhorn Germany,+49 (5371) 94790,+49 (5371) 947919,"52,461211138319 10,536963978676"
Real,Neumünster,Wasbeker Straße 330  24537 Neumünster Germany,+49 (4321) 96680,+49 (4321) 966819,"54,071372761819 9,939819846961"
Real,Ritterhude,Am Rosenhügel 5  27721 Ritterhude Germany,+49 (421) 636970,+49 (421) 6365689,"53,179793101566 8,70815990664"
Real,Bremen,Steinsetzer Str. 15  28279 Bremen Germany,+49 (421) 4270780,+49 (421) 831888,"53,046349875085 8,847557975332"
Real,Celle,An der Hasenbahn 3  29225 Celle Germany,+49 (5141) 951940,+49 (5141) 95194791,"52,606000763391 10,054921784426"
Real,Goslar,Gutenbergstraße 2  38640 Goslar Germany,+49 (5321) 38230,+49 (5321) 43401,"51,916656976118 10,448788360329"
Real,Oldenburg,Stubbenweg 27  26125 Oldenburg Germany,+49 (441) 933260,+49 (441) 3046576,"53,182906060864 8,228188855684"
Real,Hildesheim,Cheruskerring 26  31137 Hildesheim Germany,+49 (5121) 289810,+49 (5121) 28981199,"52,160030695233 9,941873945565"
Real,Uelzen,Fischerhofstraße 6  29525 Uelzen Germany,+49 (581) 16064,+49 (581) 72609,"52,987300353705 10,541575632546"
Real,Garbsen,Havelser Straße 10  30823 Garbsen Germany,+49 (5131) 497530,+49 (5131) 95533,"52,424736561091 9,59781764968"
Real,Lippstadt,Bökenförder Straße 181 - 183  59557 Lippstadt Germany,+49 (2941) 161215,+49 (2941) 14857,"51,664687152005 8,360934271523"
Real,Halle/Saale,Am Bruchsee  06122 Halle/Saale Germany,+49 (345) 470180,+49 (345) 4701819,"51,479856706913 11,919453426202"
Real,Helmstedt,Werner-v.-Siemens-Straße 3  38350 Helmstedt Germany,+49 (5351) 55350,+49 (5351) 553525,"52,241988249237 10,990905328553"
Real,Nordwalde,Wallgraben 12 - 14  48356 Nordwalde Germany,+49 (2573) 9260,+49 (2573) 1598,"52,078666380111 7,465146332586"
Real,Bremerhaven,Pferdebade 6  27580 Bremerhaven Germany,+49 (471) 984020,+49 (471) 86085,"53,571802387706 8,599324594511"
Real,Schiffdorf,Neufelder Weg  27619 Schiffdorf Germany,+49 (471) 984030,+49 (471) 801973,"53,583760165826 8,627387039679"
Real,Berlin,Am Treptower Park 14  12435 Berlin Germany,+49 (30) 5360790,+49 (30) 53607919,"52,490553750011 13,457824241305"
Real,Salzgitter,Schäferwiese 15  38239 Salzgitter Germany,+49 (5341) 267048,+49 (5341) 265802,"52,193523639536 10,457800434875"
Real,Weißenfels,Am Martkwege 2  06667 Weißenfels Germany,+49 (3443) 82080,+49 (3443) 801062,"51,184472290812 11,926498833158"
Real,Bergen auf Rügen,Ringstraße 140  18528 Bergen auf Rügen Germany,+49 (3838) 255720,+49 (3838) 255719,"54,422783058566 13,419861257047"
Real,Rangsdorf,Klein Kienitzer Straße 2  15834 Rangsdorf Germany,+49 (33708) 900000,+49 (33708) 9000069,"52,29861630644 13,458470497059"
Real,Rostock,Ostseeparkstraße 3  18069 Rostock Germany,+49 (381) 8002966,+49 (381) 8002969,"54,10630380375 12,031639534368"
Real,Neubrandenburg,Mirabellenstraße 2  17033 Neubrandenburg Germany,+49 (395) 369470,+49 (395) 3684903,"53,524374219071 13,266001978941"
Real,Greifswald,Anklamer Landstraße  17491 Greifswald Germany,+49 (3834) 820398,+49 (3834) 820397,"54,076878754696 13,430380968989"
Real,Bremen,Hans-Bredow-Straße 19  28307 Bremen Germany,+49 (421) 409610,+49 (421) 420172,"53,049655869195 8,956294657402"
Real,Göttingen,Große Breite 6  37077 Göttingen Germany,+49 (551) 31006,+49 (551) 31073,"51,560847240467 9,927184298645"
Real,Staßfurt,Hohenerxlebener Straße 50  39418 Staßfurt Germany,+49 (3925) 301020,+49 (3925) 301012,"51,851146840462 11,608312245473"
Real,Hameln,Pferdemarkt 1  31785 Hameln Germany,+49 (5151) 809370,+49 (5151) 80937299,"52,105138073164 9,354065433418"
Real,Schwerin,Grabenstraße 1  19061 Schwerin Germany,+49 (385) 614223,+49 (385) 614356,"53,599334080452 11,391133281008"
Real,Wernigerode,Dornbergsweg 43  38855 Wernigerode Germany,+49 (3943) 452834,+49 (3943) 45285,"51,851435850183 10,786631057702"
Real,Brandenburg,Brielower Landstraße 29  14772 Brandenburg Germany,+49 (3381) 700400,+49 (3381) 700401,"52,4321 12,5504"
Real,Finowfurt,An der B 167  16244 Finowfurt Germany,+49 (3335) 7111,+49 (3335) 7112,"52,839075225195 13,697113724056"
Real,Peißen,Saarbrücker Str. 1  06188 Peißen Germany,+49 (345) 5600544,+49 (345) 5600532,"51,5128 12,0498"
Real,Teltow,Oderstraße 29  14513 Teltow Germany,+49 (3328) 33250,+49 (3328) 332579,"52,40392703855 13,249480889081"
Real,Gosen,Am Müggelpark 10 - 12  15537 Gosen Germany,+49 (3362) 8250,+49 (3362) 825113,"52,395868451268 13,717633687245"
Real,Schwedt,Landgrabenpark 1  16303 Schwedt Germany,+49 (3332) 4450,+49 (3332) 413557,"53,065748035726 14,273649381891"
Real,Leipzig,Miltitzer Straße  04178 Leipzig Germany,+49 (341) 94533,+49 (341) 9453466,"51,347915340054 12,266646029561"
Real,Wildau,Chausseestraße 1  15745 Wildau Germany,+49 (3375) 504663,+49 (3375) 504666,"52,314612691141 13,609070384709"
Real,Cuxhaven,Konrad-Adenauer-Allee  27472 Cuxhaven Germany,+49 (4721) 39450,+49 (4721) 394519,"53,861767647686 8,704982156213"
Real,Neuruppin,Nordring 25  16816 Neuruppin Germany,+49 (3391) 68460,+49 (3391) 684619,"52,940742337345 12,810966553206"
Real,Erfurt,Hermsdorfer Straße 4  99099 Erfurt Germany,+49 (361) 374380,+49 (361) 3456531,"50,970591908388 11,059984695617"
Real,Flensburg,Schleswiger Straße 130  24941 Flensburg Germany,+49 (461) 902820,+49 (461) 979553,"54,761478483627 9,431798376657"
Real,Hemmingen,Alfred-Bentz-Straße 1  30966 Hemmingen Germany,+49 (511) 7682290,+49 (511) 76822625,"52,315572935563 9,722960063901"
Real,Berlin,Klosterstraße 3  13581 Berlin Germany,+49 (30) 3393860,+49 (30) 33938619,"52,533771915189 13,197219067364"
Real,Traunstein,Haslacher Feld 5  83278 Traunstein Germany,+49 (861) 986430,+49 (861) 2809,"47,854073729092 12,62871031403"
Real,Ansbach,Residenz Straße 2-4  91522 Ansbach Germany,+49 (981) 48720,+49 (981) 4872409,"49,305552835785 10,568088266689"
Real,Deggendorf,Graflinger Straße 121  94469 Deggendorf Germany,+49 (991) 290150,+49 (991) 284134,"48,850418807867 12,957210261255"
Real,Königsbrunn,Föllstraße 20  86343 Königsbrunn Germany,+49 (8231) 96930,+49 (8231) 9693205,"48,292189840995 10,889443857216"
Real,Augsburg,Reichenberger Straße 59  86161 Augsburg Germany,+49 (821) 567090,+49 (821) 5670919,"48,364559352936 10,928119495701"
Real,Nürnberg,Äußere Bayreuther Straße 80  90491 Nürnberg Germany,+49 (911) 627760,+49 (911) 6277626,"49,469787687893 11,101716111959"
Real,Zwiesel,Alte Langdorfer Straße 15  94227 Zwiesel Germany,+49 (9922) 60014,+49 (9922) 60522,"49,010618714708 13,216733177192"
Real,Dörfles-Esbach,Coburger Straße 2  96487 Dörfles-Esbach Germany,+49 (9561) 23070,+49 (9561) 230744,"50,279481971572 10,98941847283"
Real,Kulmbach,Albert-Ruckdeschel-Straße 16  95326 Kulmbach Germany,+49 (9221) 82830,+49 (9221) 828344,"50,111582157879 11,456358106563"
Real,Bayreuth,Riedingerstraße 21  95448 Bayreuth Germany,+49 (921) 789850,+49 (921) 7898585,"49,960529151448 11,603099323915"
Real,Nürnberg,Virnsberger Straße 2 - 4  90431 Nürnberg Germany,+49 (911) 609920,+49 (911) 60992232,"49,441907170192 11,016776765572"
Real,Regensburg,Donaustaufer Straße 128  93059 Regensburg Germany,+49 (941) 465010,+49 (941) 48913,"49,028125699252 12,121406401516"
Real,Pentling,Hölkeringer Straße 20  93080 Pentling Germany,+49 (941) 91070,+49 (941) 947557,"48,979625670491 12,065084"
Real,Straubing,Ittlinger Straße 224  94315 Straubing Germany,+49 (9421) 78430,+49 (9421) 784328,"48,883937668351 12,613373555627"
Real,Amberg,Fuggerstraße 4  92224 Amberg Germany,+49 (9621) 49400,+49 (9621) 31906,"49,443747929314 11,839611554608"
Real,Hallstadt,Emil-Kemmer-Straße 2  96103 Hallstadt Germany,+49 (951) 519440,+49 (951) 5194455,"49,914692513572 10,863946343992"
Real,Bayreuth,Karl-von-Linde-Straße 6  95447 Bayreuth Germany,+49 (921) 764250,+49 (921) 7642555,"49,931804820353 11,560272644992"
Real,Kempten/Allgäu,Im Allmey 1  87435 Kempten/Allgäu Germany,+49 (831) 581110,+49 (831) 85328,"47,711597690792 10,290119603025"
Real,Landshut,Alte Regensburger Str. 21  84030 Landshut Germany,+49 (871) 973740,+49 (871) 74820,"48,552588108529 12,162132462516"
Real,Passau,Holzmannstraße 52  94036 Passau Germany,+49 (851) 966630,+49 (851) /9666323,"48,57546193686 13,402424787354"
Real,Ostfildern,Bonhoeffer Straße 1  73760 Ostfildern Germany,+49 (711) 3401920,+49 (711) 34019250,"48,721014858556 9,270738772925"
Real,Neumarkt,Dreichlinger Str. 1  92318 Neumarkt Germany,+49 (9181) 299372,+49 (9181) 23914,"49,274978151053 11,453004000008"
Real,Neustadt,Karl-Eibl-Straße 50a  91413 Neustadt Germany,+49 (9161) 89680,+49 (9161) 60727,"49,578409102664 10,583179283823"
Real,Kronach,Weissenbrunner Straße 20a  96317 Kronach Germany,+49 (9261) 628210,+49 (9261) 950459,"50,226794501289 11,317847117632"
Real,Weiden,Neustädter Straße 22  92637 Weiden Germany,+49 (961) 401730,+49 (961) 4017320,"49,694505754445 12,162646298687"
Real,Bamberg,Kirschäckerstr. 11  96052 Bamberg Germany,+49 (951) 9320040,+49 (951) 93200438,"49,911750736959 10,906077216232"
Real,Pocking,Passauer Straße 56  94060 Pocking Germany,+49 (8531) 913881,+49 (8531) 913883,"48,406073286563 13,319378559725"
Real,Pfarrkirchen,Franz-Stelzenberger-Straße 1  84347 Pfarrkirchen Germany,+49 (8561) 3010,+49 (8561) 301122,"48,417548301034 12,942378395933"
Real,München,Margot-Kalinke-Straße 4  80939 München Germany,+49 (89) 318810,+49 (89) 31881112,"48,194607402286 11,597792403826"
Real,Schwabach,Am Falbenholzweg  91126 Schwabach Germany,+49 (9122) 7920,+49 (9122) 792141,"49,323342805933 11,051632437993"
Real,Dortmund,Schleefstraße 15  44287 Dortmund Germany,+49 (231) 444740,+49 (231) 441786,"51,505661506264 7,569719064084"
Real,Freiburg,St. Georgener Str. 2  79111 Freiburg Germany,+49 (761) 45160,+49 (761) 471803,"47,987024449688 7,798051773727"
Real,Bruchsal,Stuttgarter Straße 10  76646 Bruchsal Germany,+49 (7251) 9520,+49 (7251) 5843,"49,094701762656 8,641348298799"
Real,Ettlingen,Zehntwiesen Str. 47  76275 Ettlingen Germany,+49 (7243) 5730,+49 (7243) 573222,"48,945510184793 8,389457594679"
Real,Germersheim,Mainzer Straße 6  76726 Germersheim Germany,+49 (7274) 9620,+49 (7274) 962130,"49,229668820151 8,36703721526"
Real,Filderstadt,Plieninger Straße 63D  70794 Filderstadt Germany,+49 (711) 700260,+49 (711) 70026111,"48,684625003672 9,217582940982"
Real,Villingen-Schwenningen,Neuer Markt 1  78052 Villingen-Schwenningen Germany,+49 (7721) 99160,+49 (7721) 991619,"48,082000815333 8,499841"
Real,Saarbrücken,Breslauer Straße 1 a  66121 Saarbrücken Germany,+49 (681) 839070,+49 (681) 83907125,"49,2281 7,03524"
Real,Saarlouis,Carl-Zeiss-Straße 2  66740 Saarlouis Germany,+49 (6831) 89050,+49 (6831) 88814,"49,343411680721 6,740827340659"
Real,Aschaffenburg,Horchstraße 120  63741 Aschaffenburg Germany,+49 (6021) 386980,+49 (6021) 3869840,"49,980859847711 9,115973139252"
Real,Frankenthal,Frankenthaler Straße 67  67227 Frankenthal Germany,+49 (6233) 4581,+49 (6233) 47467,"49,510818171304 8,357339753513"
Real,Rastatt,Rauentaler Straße  76437 Rastatt Germany,+49 (7222) 59070,+49 (7222) 5907110,"48,860794287567 8,235771850479"
Real,Lahr,Offenburger Straße 11  77933 Lahr Germany,+49 (7821) 90720,+49 (7821) 907272,"48,3449997194 7,841213353622"
Real,Bielefeld,Schweriner Str. 4  33605 Bielefeld Germany,+49 (521) 2850650,+49 (521) 297480,"52,007500356936 8,563650751146"
Real,Castrop-Rauxel,Siemensstr. 10  44579 Castrop-Rauxel Germany,+49 (2305) 9810,+49 (2305) 86773,"51,581027627756 7,307647004391"
Real,Gelsenkirchen,Emscher Straße 37  45891 Gelsenkirchen Germany,+49 (209) 70720,+49 (209) 7901776,"51,545648475786 7,076458594393"
Real,Jülich,An der Leimkaul 1  52428 Jülich Germany,+49 (2461) 4026,+49 (2461) 58895,"50,927188549746 6,371739162952"
Real,Dortmund,Deutsche Straße 4  44339 Dortmund Germany,+49 (231) 9851590,+49 (231) 9851920,"51,547715428163 7,462963057371"
Real,Viersen,Kanalstr. 51 - 55  41748 Viersen Germany,+49 (2162) 16037,+49 (2162) 32299,"51,261298021363 6,404975703647"
Real,Bochum,Hauptstraße 212  44892 Bochum Germany,+49 (234) 92150,+49 (234) 9215205,"51,471552890042 7,323528685568"
Real,Heiligenhaus,Velberter Straße 38 - 44  42579 Heiligenhaus Germany,+49 (2056) 9740,+49 (2056) 974207,"51,329039306875 6,993121179066"
Real,Bielefeld,Teutoburger Straße 98  33607 Bielefeld Germany,+49 (521) 96250,+49 (521) 9625205,"52,019051641905 8,544482260818"
Real,Hagen,Vollbrinkstr. 9  58135 Hagen Germany,+49 (2331) 788500,+49 (2331) 7885028,"51,345095240845 7,423998138781"
Real,Eschweiler,Auerbachstraße 10  52249 Eschweiler Germany,+49 (2403) 7050,+49 (2403) 70536,"50,824808488151 6,25229076885"
Real,Köln,Gremberger Straße 200  51105 Köln Germany,+49 (221) 1679750,+49 (221) 167975200,"50,925775264789 7,007116649439"
Real,Köln,Weißhausstraße 20-30  50939 Köln Germany,+49 (221) 9420080,+49 (221) 94200845,"50,919323845751 6,93662894322"
Real,Düren,Am Ellernbusch 22  52355 Düren Germany,+49 (2421) 208580,+49 (2421) 2085820,"50,794544743407 6,467823681587"
Real,Erftstadt,Gustav-Heinemann Str 2  50374 Erftstadt Germany,+49 (2235) 92500,+49 (2235) 925032,"50,802080718629 6,813688367171"
Real,Bocholt,Welfenstraße 21  46395 Bocholt Germany,+49 (2871) 2803,+49 (2871) 280505,"51,830944396499 6,610646787668"
Real,Hemer,Urbecker Straße 127  58675 Hemer Germany,+49 (2372) 92780,+49 (2372) 14973,"51,395759502029 7,77762295001"
Real,Detmold,Klingenbergstraße 31  32758 Detmold Germany,+49 (5231) 9120,+49 (5231) 912205,"51,953009841412 8,857001246032"
Real,Herten,Hoppenwall 1  45701 Herten Germany,+49 (209) 96140,+49 (209) 9614205,"51,618216500953 7,079160071436"
Real,Wesel,Rudolf-Diesel-Str. 7  46485 Wesel Germany,+49 (281) 98510,+49 (281) 530917,"51,663976138464 6,665651070215"
Real,Moers,Römerstr. 570  47443 Moers Germany,+49 (2841) 9560,+49 (2841) 956205,"51,45496130871 6,658209214881"
Real,Bochum,Ottostraße 40-43  44867 Bochum Germany,+49 (2327) 3050,+49 (2327) 305205,"51,472021795697 7,119552077517"
Real,Wuppertal,Dieselstraße 20  42389 Wuppertal Germany,+49 (202) 260390,+49 (202) 2603979,"51,280555103263 7,268435290415"
Real,Hamburg,Grandkuhlenweg 11  22549 Hamburg Germany,+49 (40) 833810,+49 (40) 83381205,"53,58486 9,86936"
Real,Schwentinental,Mergenthalerstraße 13 - 21  24223 Schwentinental Germany,+49 (4307) 8130,+49 (4307) 7346,"54,287431411877 10,218838637225"
Real,Rendsburg,Schleswiger Chaussee 249-257  24768 Rendsburg Germany,+49 (4331) 4653,+49 (4331) 41768,"54,327089501693 9,625911406471"
Real,Schleswig,Flensburger Straße 61  24837 Schleswig Germany,+49 (4621) 98420,+49 (4621) 21229,"54,529599805092 9,527041652653"
Real,Herne,Am Großmarkt  4  44653 Herne Germany,+49 (2323) 9280,+49 (2323) 928248,"51,540485075124 7,191213889289"
Real,Düsseldorf,Friedrichstraße  152  40217 Düsseldorf Germany,+49 (211) 934130,+49 (211) 93413207,"51,208945590671 6,77876056084"
Real,Krefeld,Hafelsstraße 200  47809 Krefeld Germany,+49 (2151) 5180,+49 (2151) 951678,"51,321874295392 6,59985138544"
Real,Mönchengladbach,Krefelder Straße 131  41063 Mönchengladbach Germany,+49 (2161) 9256,+49 (2161) 925729,"51,208043706918 6,460795661304"
Real,Paderborn,Husener Straße 121  33100 Paderborn Germany,+49 (5251) 689080,+49 (5251) 66171,"51,703013265175 8,768824591665"
Real,Dülmen,Auf dem Quellberg 16  48249 Dülmen Germany,+49 (2594) 5071,+49 (2594) 86349,"51,842555808873 7,294547073401"
Real,Neuss,Breslauer Straße 2  41460 Neuss Germany,+49 (2131) 1520,+49 (2131) 152205,"51,200607042361 6,718553834109"
Real,St. Augustin,Rathausallee 16  53757 St. Augustin Germany,+49 (2241) 8850,+49 (2241) 885205,"50,778157105658 7,186707660334"
Real,Duisburg,Berliner Straße 90  47138 Duisburg Germany,+49 (203) 429030,+49 (203) 42903205,"51,48070283164 6,81124886634"
Real,Tönisvorst,Höhenhöfe 19  47918 Tönisvorst Germany,+49 (2151) 624080,+49 (2151) 62408222,"51,316584690947 6,473393105959"
Real,Mönchengladbach,Krefelder Straße 643  41066 Mönchengladbach Germany,+49 (2161) 693600,+49 (2161) 693807,"51,224668632112 6,481954072324"
Real,Kamp-Lintfort,Moerser Straße 221  47475 Kamp-Lintfort Germany,+49 (2842) 5592740,+49 (2842) 559274205,"51,504823107422 6,543568222805"
Real,Dinslaken,Thyssenstraße 70  46535 Dinslaken Germany,+49 (2064) 43460,+49 (2064) 434620,"51,559991647859 6,744846458242"
Real,Bedburg,Bahnstraße 15  50181 Bedburg Germany,+49 (2272) 99960,+49 (2272) 999619,"50,988495480994 6,575187750814"
Real,Menden,Bösperder Weg 43  58710 Menden Germany,+49 (2373) 3761,+49 (2373) 1351,"51,458894621494 7,77862888437"
Real,Mönchengladbach,Moses-Stern-Str./Limitenstraße  41236 Mönchengladbach Germany,+49 (2166) 147840,+49 (2166) 14784220,"51,162827622511 6,444877145399"
Real,Euskirchen,Narzissenweg 25  53881 Euskirchen Germany,+49 (2251) 14990,+49 (2251) 149979,"50,645624851939 6,802968089016"
Real,Düren,Heerweg 99  52353 Düren Germany,+49 (2421) 33031,+49 (2421) 36974,"50,82175815223 6,485621244386"
Real,Heinsberg,Humboldtstraße 26  52525 Heinsberg Germany,+49 (2452) 91320,+49 (2452) 913220,"51,069428896253 6,109976760357"
Real,Krefeld,Mevissenstraße 60  47803 Krefeld Germany,+49 (2151) 769680,+49 (2151) 7696819,"51,345702621229 6,532311764434"
Real,Aachen,Breslauer Straße 35  52068 Aachen Germany,+49 (241) 949960,+49 (241) 9499620,"50,783411254703 6,125129877635"
Real,Neuss,Bataverstraße 93  41462 Neuss Germany,+49 (2131) 22840,+49 (2131) 228420,"51,231339969365 6,685061553403"
Real,Ratingen,An der Hoffnung 125  40885 Ratingen Germany,+49 (2102) 167760,+49 (2102) 16776260,"51,359008555373 6,865727362423"
Real,Mülheim a. d. Ruhr,Weselerstraße 30-40  45478 Mülheim a. d. Ruhr Germany,+49 (208) 589620,+49 (208) 5896220,"51,430910084236 6,859000823204"
Real,Hamm,Münsterstraße 183  59073 Hamm Germany,+49 (2381) 309050,+49 (2381) 3090520,"51,702251320099 7,799855620249"
Real,Hamburg,Berner Heerweg 173-175  22159 Hamburg Germany,+49 (40) 6430027,+49 (40) 6452296,"53,605643950333 10,118293979821"
Real,Braunschweig,Hamburger Straße 250  38114 Braunschweig Germany,+49 (531) 237750,+49 (531) 23775500,"52,282842896496 10,520302266792"
Real,Düsseldorf,Schießstraße 31  40549 Düsseldorf Germany,+49 (211) 593011,+49 (211) 592741,"51,237580320198 6,71974877603"
Real,Hürth,Theresienhöhe  50354 Hürth Germany,+49 (2233) 97900,+49 (2233) 979019,"50,879413429014 6,873435137058"
Real,Heiligenroth,Industriestraße 11  56412 Heiligenroth Germany,+49 (2602) 4050,+49 (2602) 16574,"50,451080490393 7,852644456157"
Real,Bochum,Riemker Str. 13  44809 Bochum Germany,+49 (234) 955420,+49 (234) 95542666,"51,50744695712 7,193184329014"
Real,Mönchengladbach,Reyerhütte 1  41065 Mönchengladbach Germany,+49 (2161) 496920,+49 (2161) 4969220,"51,192973503822 6,460066099208"
Real,Osnabrück,Carl-Fischer-Straße 1  49084 Osnabrück Germany,+49 (541) 770000,+49 (541) 7700020,"52,270156793497 8,081166931216"
Real,Bielefeld,Gütersloher Straße 122  33649 Bielefeld Germany,+49 (521) 449044,+49 (521) 446106,"51,987164510903 8,485813915176"
Real,Espelkamp,General-Bishop Straße 10  32339 Espelkamp Germany,+49 (5772) 97700,+49 (5772) 977020,"52,388070885605 8,626144261813"
Real,Henstedt-Ulzburg,Gutenbergstraße 7  24558 Henstedt-Ulzburg Germany,+49 (4193) 90160,+49 (4193) 901620,"53,801460535663 9,981702826497"
Real,Hagen,Kabeler Straße 25  58099 Hagen Germany,+49 (2331) 473310,+49 (2331) 4733166,"51,408595915376 7,474938150581"
Real,Coesfeld,Dülmener Straße 39  48653 Coesfeld Germany,+49 (2541) 5051,+49 (2541) 2554,"51,935245448409 7,171083393686"
Real,Moers,Hülsdonker Straße 86  47441 Moers Germany,+49 (2841) 9999130,+49 (2841) 9999144,"51,452068287313 6,612502083949"
Real,Rhede,Gronauer Straße 21  46414 Rhede Germany,+49 (2872) 93200,+49 (2872) 932065,"51,850614579268 6,696467647452"
Real,Rees,Grüttweg 42-46  46459 Rees Germany,+49 (2851) 10014,+49 (2851) 2992,"51,76739202785 6,381656866383"
Real,Remscheid,Alleestraße 74  42853 Remscheid Germany,+49 (2191) 29007,+49 (2191) 27857,"51,182996286733 7,187744068841"
Real,Brakel,Warburgerstraße 38  33034 Brakel Germany,+49 (5272) 39430,+49 (5272) 394369,"51,706956432067 9,177939971823"
Real,Duisburg,Buscher Straße 66  47269 Duisburg Germany,+49 (203) 710160,+49 (203) 7101669,"51,362753485636 6,769622512762"
Real,Gütersloh,Am Anger 22  33332 Gütersloh Germany,+49 (5241) 743440,+49 (5241) 7434411,"51,899883584536 8,401691146892"
Real,Rheine,Lingener Straße 19  48429 Rheine Germany,+49 (5971) 807060,+49 (5971) 8070666,"52,282846323508 7,439535798374"
Real,Papenburg,Deverweg 13  26871 Papenburg Germany,+49 (4961) 5074,+49 (4961) 6516,"53,083801207298 7,387446539673"
Real,Übach-Palenberg,Boschstraße 4  52531 Übach-Palenberg Germany,+49 (2451) 93010,+49 (2451) 930120,"50,921052732057 6,135685728076"
Real,Grevenbroich,Am Rittergut 1  41515 Grevenbroich Germany,+49 (2181) 756760,+49 (2181) 7567655,"51,10847721108 6,57896800603"
Real,Langenfeld,Rheindorfer Straße 48-56  40764 Langenfeld Germany,+49 (2173) 394963,+49 (2173) 3949685,"51,09661965773 6,951838395087"
Real,Monschau,Industriestr. 8  52156 Monschau Germany,+49 (2472) 3071,+49 (2472) 2825,"50,576157751601 6,267424688319"
Real,Blankenburg,Lerchenbreite 5 e  38889 Blankenburg Germany,+49 (3944) 61000,+49 (3944) 61019,"51,80738 10,93996"
Real,Erfurt,Gothaer Straße 22  99094 Erfurt Germany,+49 (361) 220330,+49 (361) 2255253,"50,961101965432 10,985910249293"
Real,Falkensee,Barkhausenstraße 66  14612 Falkensee Germany,+49 (3322) 25190,+49 (3322) 251920,"52,556012560805 13,095206102088"
Real,Berlin,Frankfurter Allee 113-117  10365 Berlin Germany,+49 (30) 5577000,+49 (30) 55770020,"52,514387399576 13,476765195476"
Real,Bannewitz,An der Zschauke 4  01728 Bannewitz Germany,+49 (351) 4015490,+49 (351) 4015492,"51,000403964112 13,720612401038"
Real,Gotha,Schubertstraße 20  99867 Gotha Germany,+49 (3621) 71200,+49 (3621) 712020,"50,941994111411 10,676814303331"
Real,Weimar,Landhausallee 7  99441 Weimar Germany,+49 (3643) 24700,+49 (3643) 247054,"50,982646362628 11,383453662555"
Real,Bitterfeld,Anhaltstraße 74  06749 Bitterfeld Germany,+49 (3493) 510610,+49 (3493) 5106150,"51,640328816737 12,310348621154"
Real,Stralsund,Gustower Weg 3  18439 Stralsund Germany,+49 (3831) 270803,+49 (3831) 270966,"54,271932611929 13,113592305557"
Real,Kolkwitz,Berliner Str. 114  03099 Kolkwitz Germany,+49 (355) 780540,+49 (355) 7805420,"51,752196516529 14,261478293803"
Real,Frankfurt/Oder,Messering 10  15234 Frankfurt/Oder Germany,+49 (335) 414050,+49 (335) 4140520,"52,340177045434 14,503951760556"
Real,Riesa,Riesapark 4  01587 Riesa Germany,+49 (3525) 51210,+49 (3525) 740520,"51,29810199404 13,264483930387"
Real,Parchim,Ziegendorfer Chaussee  19370 Parchim Germany,+49 (3871) 60230,+49 (3871) 602399,"53,418135907508 11,822514636889"
Real,Alzey,Karl-Heinz-Kipp-Straße 23  55232 Alzey Germany,+49 (6731) 4040,+49 (6731) 43096,"49,746060802134 8,138302578543"
Real,Eschborn,Ginnheimer Straße 18  65760 Eschborn Germany,+49 (6196) 4760,+49 (6196) 482100,"50,142477878991 8,581428068781"
Real,Haßloch,Hans-Böckler-Straße 42  67454 Haßloch Germany,+49 (6324) 5980,+49 (6324) 80867,"49,34843673259 8,243795278726"
Real,Mainz,Haifa-Allee 1  55128 Mainz Germany,+49 (6131) 3600,+49 (6131) 361881,"49,967639185551 8,227890183864"
Real,Mülheim-Kärlich,Industriestraße 4  56218 Mülheim-Kärlich Germany,+49 (261) 2850,+49 (261) 26278,"50,395214906243 7,535505601267"
Real,Göttingen,Am Kauf Park  37079 Göttingen Germany,+49 (551) 999070,+49 (551) 9990710,"51,528985036734 9,880995457682"
Real,Walbeck,Kämmritzer Weg 20  06333 Walbeck Germany,+49 (34768) 51156,+49 (34768) 51191,"51,655187121146 11,487612226451"
Real,Pritzwalk,Rostocker Str. 2  16928 Pritzwalk Germany,+49 (3395) 306600,+49 (3395) 306028,"53,15827881 12,17140501"
Real,Oldenburg,Alter Postweg 125  26133 Oldenburg Germany,+49 (441) 9490723,+49 (441) 9490725,"53,102537060945 8,211165722916"
Real,Kassel,Franzgraben 40 - 42  34125 Kassel Germany,+49 (561) 87960,+49 (561) 871823,"51,321040778527 9,518238070816"
METRO Cash & Carry,Mülheim a. d. Ruhr,Heifeskamp 32-36  45475 Mülheim a. d. Ruhr Germany,+49 (211) 17607090,+49 (211) 17607099,"51,4589 6,88129"
METRO Cash & Carry,Schwelm,Saarstraße 9  58332 Schwelm Germany,+49 (211) 17607090,+49 (211) 17607099,"51,287609 7,272296"
METRO Cash & Carry,Essen,Lütkenbrauk 64  45329 Essen Germany,+49 (211) 17607090,+49 (211) 17607099,"51,489365 6,990723"
METRO Cash & Carry,Leverkusen,Syltstraße 13  51377 Leverkusen Germany,+49 (211) 17607090,+49 (211) 17607099,"51,035 7,01094"
METRO Cash & Carry,Köln,Otto-Hahn-Straße 15  50997 Köln Germany,+49 (211) 17607090,+49 (211) 17607099,"50,8584 6,97089"
METRO Cash & Carry,Düsseldorf,Schlüterstraße 3  40235 Düsseldorf Germany,+49 (211) 17607090,+49 (211) 17607099,"51,2362 6,82416"
METRO Cash & Carry,Krefeld,Parkstraße 200  47829 Krefeld Germany,+49 (211) 17607090,+49 (211) 17607099,"51,37441 6,636579"
METRO Cash & Carry,Würselen,Schumannstr. 6  52146 Würselen Germany,+49 (211) 17607090,+49 (211) 17607099,"50,8089 6,15386"
METRO Cash & Carry,Dortmund,Borussiastr. 101  44149 Dortmund Germany,+49 (211) 17607090,+49 (211) 17607099,"51,4933 7,37342"
METRO Cash & Carry,Koblenz,Carl-Zeiss-Straße 6  56070 Koblenz Germany,+49 (211) 17607090,+49 (211) 17607099,"50,38759 7,558569"
METRO Cash & Carry,St. Augustin,Einsteinstraße 28  53757 St. Augustin Germany,+49 (211) 17607090,+49 (211) 17607099,"50,7924 7,17999"
METRO Cash & Carry,Hamburg,Plöner Straße 8  22769 Hamburg Germany,+49 (211) 17607090,+49 (211) 17607099,"53,5642 9,93877"
METRO Cash & Carry,Berlin,Buckower Chaussee 25-35  12277 Berlin Germany,+49 (211) 17607090,+49 (211) 17607099,"52,4133 13,39"
METRO Cash & Carry,Recklinghausen,Querstaße 53  45661 Recklinghausen Germany,+49 (211) 17607090,+49 (211) 17607099,"51,580284 7,187527"
METRO Cash & Carry,Dortmund,Brackeler Straße 51  44145 Dortmund Germany,+49 (211) 17607090,+49 (211) 17607099,"51,5235 7,48915"
METRO Cash & Carry,Duisburg,Max-Peters-Straße 20  47059 Duisburg Germany,+49 (211) 17607090,+49 (211) 17607099,"51,4435 6,76322"
METRO Cash & Carry,Dresden,Marie-Curie-Str. 9  01139 Dresden Germany,+49 (211) 17607090,+49 (211) 17607099,"51,0745 13,6842"
METRO Cash & Carry,Weiterstadt,Im Rödling 8  64331 Weiterstadt Germany,+49 (211) 17607090,+49 (211) 17607099,"49,8953 8,60135"
METRO Cash & Carry,Brunnthal,Zusestrasse 6  85649 Brunnthal Germany,+49 (211) 17607090,+49 (1805) 780500,"48,039158 11,659788"
METRO Cash & Carry,Bremen,Neuenlander Straße 111  28201 Bremen Germany,+49 (211) 17607090,+49 (211) 17607099,"53,051615 8,803471"
METRO Cash & Carry,Berlin,An der Ostbahn 5  10243 Berlin Germany,+49 (211) 17607090,+49 (211) 17607099,"52,509395 13,443257"
METRO Cash & Carry,Hamburg,Papenreye 33  22453 Hamburg Germany,+49 (211) 17607090,+49 (211) 17607099,"53,6134 9,96643"
METRO Cash & Carry,Hamburg,Großmoorbogen 1  21079 Hamburg Germany,+49 (211) 17607090,+49 (211) 17607099,"53,4613 10,0135"
METRO Cash & Carry,Hannover,Am Tönniesberg 16-18  30453 Hannover Germany,+49 (211) 17607090,+49 (211) 17607099,"52,350539 9,694412"
METRO Cash & Carry,Braunschweig,Dieselstraße 13  38122 Braunschweig Germany,+49 (211) 17607090,+49 (211) 17607099,"52,2157 10,4967"
METRO Cash & Carry,Kassel,Werner-Heisenberg-Str. 10  34123 Kassel Germany,+49 (211) 17607090,+49 (211) 17607099,"51,280474 9,496964"
METRO Cash & Carry,Hamburg,Bargkoppelweg 50  22145 Hamburg Germany,+49 (211) 17607090,+49 (211) 17607099,"53,619744 10,155403"
METRO Cash & Carry,Neuss,Jagenbergstrasse 6  41468 Neuss Germany,+49 (211) 17607090,+49 (211) 17607099,"51,1642 6,75403"
METRO Cash & Carry,München,Am Gleisdreieck 15  81243 München Germany,+49 (211) 17607090,+49 (211) 17607099,"48,140594 11,432394"
METRO Cash & Carry,Regensburg,Bajuwarenstraße 11  93053 Regensburg Germany,+49 (211) 17607090,+49 (211) 17607099,"48,995794 12,118024"
METRO Cash & Carry,München,Helene-Wessel-Bogen 39  80939 München Germany,+49 (211) 17607090,+49 (211) 17607099,"48,1945 11,6003"
METRO Cash & Carry,Nürnberg,Donaustraße 135  90451 Nürnberg Germany,+49 (211) 17607090,+49 (211) 17607099,"49,4092 11,0507"
METRO Cash & Carry,Nürnberg,Bucher Hauptstraße 40  90427 Nürnberg Germany,+49 (211) 17607090,+49 (211) 17607099,"49,4932 11,0505"
METRO Cash & Carry,Frankfurt/Main,Guerickestraße 8  60488 Frankfurt/Main Germany,+49 (211) 17607090,+49 (211) 17607099,"50,1352 8,60029"
METRO Cash & Carry,Ludwigshafen,Oderstrasse 2  67071 Ludwigshafen Germany,+49 (211) 17607090,+49 (211) 17607099,"49,4889 8,35014"
METRO Cash & Carry,Saarbrücken,Camphauser Straße 4  66125 Saarbrücken Germany,+49 (211) 17607090,+49 (211) 17607099,"49,2877 7,02601"
METRO Cash & Carry,Frankfurt/Main,Am Riederbruch 10  60386 Frankfurt/Main Germany,+49 (211) 17607090,+49 (211) 17607099,"50,1229 8,73065"
METRO Cash & Carry,Mainz-Kastel,Boelckestraße 78  55252 Mainz-Kastel Germany,+49 (211) 17607090,+49 (211) 17607099,"50,0208 8,29033"
METRO Cash & Carry,Karlsruhe,Bannwaldallee 42  76185 Karlsruhe Germany,+49 (211) 17607090,+49 (211) 17607099,"48,998703 8,369111"
METRO Cash & Carry,Korntal-Münchingen,Motorstraße 16-18  70825 Korntal-Münchingen Germany,+49 (211) 17607090,+49 (211) 17607099,"48,8264 9,10996"
METRO Cash & Carry,Gundelfingen,Industriestr. 42  79194 Gundelfingen Germany,+49 (211) 17607090,+49 (211) 17607099,"48,04648 7,860487"
METRO Cash & Carry,Oldenburg,Gewerbegebiet Tweelbäke II  26135 Oldenburg Germany,+49 (211) 17607090,+49 (211) 17607099,"53,108984 8,267051"
METRO Cash & Carry,Mannheim,Floßwörthstraße 30  68199 Mannheim Germany,+49 (211) 17607090,+49 (211) 17607099,"49,4587 8,49985"
METRO Cash & Carry,Laatzen,Lüneburger Straße  30880 Laatzen Germany,+49 (211) 17607090,+49 (211) 17607099,"52,294 9,82378"
METRO Cash & Carry,Berlin,Nonnendammallee 135  13601 Berlin Germany,+49 (211) 17607090,+49 (211) 17607099,"52,5394 13,2445"
METRO Cash & Carry,Porta Westfalica,Ellernstr. 18  32457 Porta Westfalica Germany,+49 (211) 17607090,+49 (211) 17607099,"52,212184 8,878285"
METRO Cash & Carry,Schönefeld,Grünauer Strasse 5  12529 Schönefeld Germany,+49 (211) 17607090,+49 (211) 17607099,"52,375687 13,563624"
METRO Cash & Carry,Magdeburg,Werner-von-Siemens-Ring 9  39116 Magdeburg Germany,+49 (211) 17607090,+49 (211) 17607099,"52,078385 11,577215"
METRO Cash & Carry,Erfurt,Linderbacher Weg 32  99099 Erfurt Germany,+49 (211) 17607090,+49 (211) 17607099,"50,974256 11,088169"
METRO Cash & Carry,Leipzig,Geithainer Straße 60  04328 Leipzig Germany,+49 (211) 17607090,+49 (211) 17607099,"51,3421 12,4442"
METRO Cash & Carry,Röhrsdorf,Röhrsdorfer Allee 1  09247 Röhrsdorf Germany,+49 (211) 17607090,+49 (211) 17607099,"50,86438 12,860084"
METRO Cash & Carry,Siegen,Eiserfelder Straße 176  57072 Siegen Germany,+49 (211) 17607090,+49 (211) 17607099,"50,856425 8,00942"
METRO Cash & Carry,Neu-Ulm,Borsigstraße 8  89231 Neu-Ulm Germany,+49 (211) 17607090,+49 (211) 17607099,"48,393 10,0193"
METRO Cash & Carry,Augsburg,Dr.-Dürrwanger-Str. 60  86156 Augsburg Germany,+49 (211) 17607090,+49 (211) 17607099,"48,3842 10,8568"
METRO Cash & Carry,Wolgast,Leeranerstr. 4  17438 Wolgast Germany,+49 (3836) 27090,+49 (3836) 270920,"54,046257 13,752717"
METRO Cash & Carry,Greifswald,Am Gorzberg  17489 Greifswald Germany,+49 (3834) 59520,+49 (3834) 595220,"54,073507 13,405309"
METRO Cash & Carry,Kritzow,Karpendiek  2  23970 Kritzow Germany,+49 (3841) 24210,+49 (3841) 242120,"53,889536 11,532613"
METRO Cash & Carry,Mühlhausen,Beim Schwarzenfeld  14  99974 Mühlhausen Germany,+49 (3601) 46430,+49 (3601) 464320,"51,197114 10,477959"
METRO Cash & Carry,Rudolstadt,Oststr.  53  07407 Rudolstadt Germany,+49 (3672) 43300,+49 (3672) 433020,"50,724077 11,360786"
METRO Cash & Carry,Eisenach,Eichrodter Weg 112  99817 Eisenach Germany,+49 (3691) 79100,+49 (3691) 791020,"50,979043 10,294327"
METRO Cash & Carry,Bautzen,Dresdener Str. 57  02625 Bautzen Germany,+49 (3591) 67950,+49 (3591) 310920,"51,179469 14,398617"
METRO Cash & Carry,Hof,An der Hohensaas 12  95030 Hof Germany,+49 (9281) 70760,+49 (9281) 707620,"50,314416 11,877963"
METRO Cash & Carry,Langen,Drangstedter Straße  101  27607 Langen Germany,+49 (4743) 93990,+49 (4743) 939950,"53,62122 8,656836"
METRO Cash & Carry,Uelzen,Im Neuen Felde  42  29525 Uelzen Germany,+49 (581) 90260,+49 (581) 902626,"52,981904 10,562813"
METRO Cash & Carry,Albstadt,Sigmariner Str.  106  72458 Albstadt Germany,+49 (7431) 13080,+49 (7431) 130820,"48,204864 9,042714"
METRO Cash & Carry,Salach,Im Alber  7  73084 Salach Germany,+49 (7162) 930230,+49 (7162) 9302320,"48,685395 9,727952"
METRO Cash & Carry,Satteldorf,Industriestr.  14  74589 Satteldorf Germany,+49 (7951) 94630,+49 (7951) 946320,"49,181411 10,073986"
METRO Cash & Carry,Karlsruhe,Weinweg 43  76137 Karlsruhe Germany,+49 (721) 962270,+49 (721) 9622733,"49,009704 8,447989"
METRO Cash & Carry,Baden-Baden,Lärchenstr.  4  76532 Baden-Baden Germany,+49 (7221) 50620,+49 (7221) 506220,"48,815532 8,196033"
METRO Cash & Carry,Bruchsal,Im Wendelrot  11  76646 Bruchsal Germany,+49 (7251) 97810,+49 (7251) 84629,"49,138407 8,566927"
METRO Cash & Carry,Wangen,Simoniusstr.  7  88239 Wangen Germany,+49 (7522) 79530,+49 (7522) 795320,"47,679852 9,844916"
METRO Cash & Carry,Ravensburg,Bleichstraße 51  88212 Ravensburg Germany,+49 (751) 769640,+49 (751) 7696420,"47,794296 9,61252"
METRO Cash & Carry,Kiel,Tonberg 7  24113 Kiel Germany,+49 (431) 2395190,+49 (431) 239519119,"54,301546 10,133093"
METRO Cash & Carry,Böblingen,Herrenbergerstr. 100  71034 Böblingen Germany,+49 (7031) 441000,+49 (7031) 441300,"48,680778 8,994457"
METRO Cash & Carry,Gomaringen,Ohmenhäuser Str. 15  72810 Gomaringen Germany,+49 (7072) 1360,+49 (7072) 136943,"48,460218 9,103766"
METRO Cash & Carry,Aachen,Am Gut Wolf  52070 Aachen Germany,+49 (241) 918120,+49 (241) 9181220,"50,78927 6,101632"
METRO Cash & Carry,Hannover,Eckenerstraße 2A  30179 Hannover Germany,+49 (511) 6799860,+49 (511) 67998619,"52,417279 9,744062"
METRO Cash & Carry,Stendal,Opelstraße 4  39576 Stendal Germany,+49 (3931) 68470,+49 (3931) 684719,"52,577796 11,871973"
METRO Cash & Carry,Lingen,Handelsstraße 6  49809 Lingen Germany,+49 (591) 710920,+49 (591) 7109210,"52,53832 7,33503"
METRO Cash & Carry,Perleberg,Ackerstraße  19348 Perleberg Germany,+49 (3876) 300430,+49 (3876) 616887,"53,08614 11,857018"
METRO Cash & Carry,Neustrelitz,Gewerbepark Ost  17235 Neustrelitz Germany,+49 (3981) 28690,+49 (3981) 286933,"53,365941 13,08962"
METRO Cash & Carry,Prenzlau,Gewerbestasse 2  17291 Prenzlau Germany,+49 (3984) 86480,+49 (3984) 864819,"53,337774 13,869694"
METRO Cash & Carry,Düren,Aachener Straße 15-17  52353 Düren Germany,+49 (2421) 503222,+49 (2421) 503023,"50,84093 6,454927"
METRO Cash & Carry,Waren,Warendorfer Str.  17192 Waren Germany,+49 (3991) 18320,+49 (3991) 183233,"53,525433 12,646195"
METRO Cash & Carry,Braunschweig,Varrentrappstr. 50  38114 Braunschweig Germany,+49 (531) 256830,+49 (531) 54855,"52,27814 10,508303"
METRO Cash & Carry,Celle,Bremer Weg 203  29223 Celle Germany,+49 (5141) 956070,+49 (5141) 9560719,"52,637013 10,050441"
METRO Cash & Carry,Goslar,Gerhard Weule Str. 1  38644 Goslar Germany,+49 (5321) 37540,+49 (5321) 375419,"51,934497 10,407307"
METRO Cash & Carry,Holzminden,Zeppelinstr. 14  37603 Holzminden Germany,+49 (5531) 12820,+49 (5531) 128219,"51,841469 9,471938"
METRO Cash & Carry,Nienburg,Südring 15  31582 Nienburg Germany,+49 (5021) 60130,+49 (5021) 601319,"52,619102 9,207659"
METRO Cash & Carry,Hameln,Langes Feld 14  31789 Hameln Germany,+49 (5151) 557330,+49 (5151) 5573343,"52,098343 9,396205"
METRO Cash & Carry,Wolfsburg,Krugfeld 16  38448 Wolfsburg Germany,+49 (5361) 61007,+49 (5361) 61135,"52,458556 10,749531"
METRO Cash & Carry,Krefeld,Oppumer Straße 53-63  47799 Krefeld Germany,+49 (2151) 1520610,+49 (2151) 803418,"51,331403 6,581795"
METRO Cash & Carry,Iserlohn,Zur Helle 1  58638 Iserlohn Germany,+49 (2374) 50810,+49 (2374) 508119,"51,377554 7,661542"
METRO Cash & Carry,Lübben,Wiesenweg 17  15907 Lübben Germany,+49 (3546) 22520,+49 (3546) 8078,"51,904835 13,85189"
METRO Cash & Carry,Brandenburg,Caasmannstr. 3  14770 Brandenburg Germany,+49 (3381) 33560,+49 (3381) 335619,"52,404929 12,531816"
METRO Cash & Carry,Salzwedel,Feldstraße 25a  29410 Salzwedel Germany,+49 (3901) 83960,+49 (3901) 839619,"52,8623 11,153695"
METRO Cash & Carry,Nordhausen,Str.d.Genossenschaften 119  99734 Nordhausen Germany,+49 (3631) 902209,+49 (3631) 991911,"51,507491 10,773404"
METRO Cash & Carry,Oranienburg,Sachssenhausener Str. 22  16515 Oranienburg Germany,+49 (3301) 2019610,+49 (3301) 20196119,"52,763848 13,244112"
METRO Cash & Carry,Neumünster,Leinestraße 42  24539 Neumünster Germany,+49 (4321) 851910,+49 (4321) 8519119,"54,0387 10,007348"
METRO Cash & Carry,Wächtersbach,Industriestr. 1  63607 Wächtersbach Germany,+49 (6053) 61520,+49 (6053) 615212,"50,25362 9,300205"
METRO Cash & Carry,Memmingen,Frauenhoferstraße 86  87700 Memmingen Germany,+49 (8331) 924280,+49 (8331) 9242819,"48,000586 10,157257"
METRO Cash & Carry,Heppenheim,Westerwaldstrasse 8  64646 Heppenheim Germany,+49 (6252) 670970,+49 (6252) 6709719,"49,638744 8,613531"
METRO Cash & Carry,Ensdorf,Auf Nauwies 12  66806 Ensdorf Germany,+49 (6831) 5015960,+49 (6831) 50159619,"49,300352 6,769954"
METRO Cash & Carry,Trier,Monaiser Str. 1  54294 Trier Germany,+49 (651) 82580,+49 (651) 8258219,"49,7201 6,59184"
METRO Cash & Carry,Linden,Gewerbegebiet an der B3  35440 Linden Germany,+49 (211) 17607090,+49 (1805) 780500,"50,5408 8,65309"
METRO Cash & Carry,Esslingen,Dornierstraße 9  73730 Esslingen Germany,+49 (211) 17607090,+49 (1805) 780500,"48,7187 9,34512"
Real,Magdeburg,Olvenstedter Graseweg 37  39128 Magdeburg Germany,+49 (391) 25675,+49 (391),"52,159747909691 11,606777988104"
Real,Essen,Haedenkampstraße 21  45143 Essen Germany,+49 (201) 1258680,+49 (201) 125868180,"51,458095374853 6,98345718455"
Real,Bremen,Alter Dorfweg 30-50  28259 Bremen Germany,+49 (421) 576610,+49 (421) 5766119,"53,047794463084 8,743575566795"
Real,Kaiserslautern,Mannheimer Straße 234 - 236  67657 Kaiserslautern Germany,+49 (631) 41520,+49 (631) 4152439,"49,442931414425 7,817046519981"
Real,Berlin,Müllerstr. 47  13349 Berlin Germany,+49 (30) 4579950,+49 (30) 45799518,"52,55237628378 13,350821606534"
Real,Berlin,Stendaler Straße 24  12627 Berlin Germany,+49 (30) 9928880,+49 (30) 992888293,"52,538232490269 13,605431910079"
Real,Bexbach,Poststr. 1  66450 Bexbach Germany,+49 (6826) 93560,+49 (6826) 9356800,"49,345798935067 7,251779008544"
Real,Brühl,Mannheimer Landstr. 2  68782 Brühl Germany,+49 (6202) 70670,+49 (6202) 7067800,"49,410355691692 8,541228082332"
Real,Karlsruhe,Ortenbergstr. 8  76135 Karlsruhe Germany,+49 (721) 7817130,+49 (721) 781713180,"48,991322935944 8,375966886988"
Real,Kenn,Mosel-Einkaufs-Zentrum  54344 Kenn Germany,+49 (6502) 91340,+49 (6502) 9134800,"49,803823564348 6,716385393515"
Real,Wiesbaden,Äppelallee 69  65203 Wiesbaden Germany,+49 (611) 5050750,+49 (611) 505075222,"50,04649241615 8,215991294406"
Real,Mannheim,Spreewaldallee 38-40  68309 Mannheim Germany,+49 (621) 7621160,+49 (621) 762116182,"49,51915098288 8,556017904057"
Real,Gießen,Gottlieb-Daimler-Str. 27  35398 Gießen Germany,+49 (641) 60010,+49 (641) 6001990,"50,580172580615 8,645622623386"
Real,Wülfrath,Alte Ratinger Landstraße 8  42489 Wülfrath Germany,+49 (2058) 77680,+49 (2058) 7768800,"51,278658674734 7,020794963346"
Real,Singen,Georg-Fischer-Straße 15  78224 Singen Germany,+49 (7731) 95640,+49 (7731) 9564800,"47,753005507595 8,84577668608"
Real,Köln,Rudolf-Diesel-Str. 32-36  51149 Köln Germany,+49 (2203) 590400,+49 (2203) 59040800,"50,902326306727 7,072579117789"
Real,Weilheim,Kaltenmoser Straße 28  82362 Weilheim Germany,+49 (881) 94300,+49 (881) 943030,"47,843282054353 11,149923745587"
Real,Wolfenbüttel,Am Wasserwerk 3  38304 Wolfenbüttel Germany,+49 (5331) 40070,+49 (5331) 4007850,"52,150281781851 10,542820580246"
Real,Wolfsburg,Hehlinger Straße 21  38446 Wolfsburg Germany,+49 (5363) 94250,+49 (5363) 94259,"52,398256261639 10,837443096301"
Real,Ratingen,Am Sandbach 30  40878 Ratingen Germany,+49 (2102) 997770,+49 (2102) 99777800,"51,296389242516 6,831518718048"
Real,Dortmund,Wulfshofstraße 6-8  44149 Dortmund Germany,+49 (231) 6968860,+49 (231) 696886180,"51,494447775739 7,370721029504"
Real,Witten,Annenstr. 133  58453 Witten Germany,+49 (2302) 956360,+49 (2302) 95636800,"51,44664717034 7,369902036001"
Real,Leverkusen,Stixchesstr. 123  51377 Leverkusen Germany,+49 (214) 869240,+49 (214) 86924180,"51,027673976403 7,014876879448"
Real,Wetzlar,Hörnsheimer Eck  35578 Wetzlar Germany,+49 (6441) 70020,+49 (6441) 700299,"50,537243819866 8,537136346443"
Real,Siegen,Eiserfelder Str. 170  57072 Siegen Germany,+49 (271) 31950,+49 (271) 3195810,"50,857428125237 8,010079496755"
Real,Ettlingen,Huttenkreuzstraße 8  76275 Ettlingen Germany,+49 (7243) 71090,+49 (7243) 710933,"48,945403721622 8,409163015476"
Real,Ludwigshafen,Prälat-Caire-Str. 7  67071 Ludwigshafen Germany,+49 (621) 685440,+49 (621) 6854429,"49,489835798188 8,388166030896"
Real,Homburg,Robert-Bosch-Straße 1  66424 Homburg Germany,+49 (6841) 96080,+49 (6841) 9608800,"49,330429417115 7,339021488697"
Real,Maintal,Wingertstraße 39-43  63477 Maintal Germany,+49 (6181) 40950,+49 (6181) 4095800,"50,130942998146 8,851085693867"
Real,Bühl-Vimbuch,Vimbucher Straße 75  77815 Bühl-Vimbuch Germany,+49 (7223) 93630,+49 (7223) 9363800,"48,724353081184 8,108807614085"
Real,Donaueschingen,Bregstraße 30  78166 Donaueschingen Germany,+49 (771) 832710,+49 (771) 83271800,"47,934806839789 8,49846675609"
Real,Groß Zimmern,Röntgenstr. 1-3  64846 Groß Zimmern Germany,+49 (6071) 9720,+49 (6071) 972800,"49,881387880601 8,811913521308"
Real,Bad Sobernheim,Westtangente 3  55566 Bad Sobernheim Germany,+49 (6751) 9200,+49 (6751) 92055,"49,786573119107 7,63958620461"
Real,Braunschweig,Berliner Straße 53  38104 Braunschweig Germany,+49 (531) 237330,+49 (531) 23733800,"52,283823825415 10,579611814523"
Real,Landau,Dammühlstraße 11  76829 Landau Germany,+49 (6341) 92110,+49 (6341) 9211800,"49,201473626187 8,125193928658"
Real,Mainz,Rheinallee 120  55120 Mainz Germany,+49 (6131) 968950,+49 (6131) 9689548,"50,026564483307 8,229260948749"
Real,Karlsruhe,Durlacher Allee 111  76137 Karlsruhe Germany,+49 (721) 61860,+49 (721) 6186680,"49,004846505599 8,449324556952"
Real,Freiburg,Gundelfinger Str. 4  79108 Freiburg Germany,+49 (761) 51490,+49 (761) 5149800,"48,031048476267 7,861540677597"
Real,Bremen,Vahrer Str. 197  28329 Bremen Germany,+49 (421) 435780,+49 (421) 43578180,"53,069452167815 8,889581464683"
Real,Hamburg,Beim Strohhause 8  20097 Hamburg Germany,+49 (40) 24878100,+49 (40) 24878215,"53,552574433484 10,020344335973"
Real,Darmstadt,Eschollbrücker Str. 44  64295 Darmstadt Germany,+49 (6151) 30040,+49 (6151) 3004800,"49,857103630318 8,633594205973"
Real,Groß-Gerau,Mainzer Str. 50  64521 Groß-Gerau Germany,+49 (6152) 17160,+49 (6152) 1716220,"49,922304500034 8,47302188697"
Real,Ingelheim,Nahering 3  55218 Ingelheim Germany,+49 (6132) 982280,+49 (6132) 98228800,"49,981429442846 8,029304276812"
Real,Dreieich,Robert-Bosch-Str. 15  63303 Dreieich Germany,+49 (6103) 39980,+49 (6103) 3998800,"50,031774741447 8,701699456023"
Real,Wuppertal,Elberfelder Str. 8  42285 Wuppertal Germany,+49 (202) 2803790,+49 (202) 2802632,"51,256932657279 7,165390388887"
Real,Salzgitter,Konrad-Adenauer-Str. 111  38226 Salzgitter Germany,+49 (5341) 84950,+49 (5341) 849529,"52,153398854291 10,344973687627"
Real,Essen,Porscheplatz 2  45127 Essen Germany,+49 (201) 827890,+49 (201) 82789220,"51,457339001681 7,016855874948"
Real,Freising,Gutenbergstraße 2  85354 Freising Germany,+49 (8161) 4857100,+49 (8161) 4857800,"48,38761302711 11,73154683088"
Real,Memmingen,Fraunhofer Str. 8  87700 Memmingen Germany,+49 (8331) 94320,+49 (8331) 94321800,"48,004110081909 10,167527838265"
Real,Rosenheim,Kufsteiner Straße 124  83026 Rosenheim Germany,+49 (8031) 26530,+49 (8031) 63370,"47,838368092038 12,120311989786"
Real,Würzburg,Nürnberger Str. 12  97076 Würzburg Germany,+49 (931) 204100,+49 (931) 204800,"49,799352956381 9,952227301452"
Real,Weingarten,Franz-Beer-Straße 108  88250 Weingarten Germany,+49 (751) 560760,+49 (751) 5607650,"47,797727681884 9,624149495914"
Real,Würzburg,Industriestraße 7  97076 Würzburg Germany,+49 (931) 278890,+49 (931) 27889180,"49,812298815215 9,977018885372"
Real,Norden,Glückauf/Osterstraße 134  26506 Norden Germany,+49 (4931) 93170,+49 (4931) 931729,"53,597070396754 7,212217530867"
Real,Wiesbaden,Mainzer Str.110  65189 Wiesbaden Germany,+49 (611) 71590,+49 (611) 7159800,"50,065910359495 8,252459066031"
Real,Emden,Fritz-Reuter-Straße 2a  26721 Emden Germany,+49 (4921) 94310,+49 (4921) 9431800,"53,388885926533 7,20925376624"
Real,Bremen,Duckwitzstr. 55  28199 Bremen Germany,+49 (421) 51820,+49 (421) 5182262,"53,0659 8,76932"
Real,Oststeinbek,Willinghusener Weg 1  22113 Oststeinbek Germany,+49 (40) 71303100,+49 (40) 71303180,"53,546820813455 10,152698090458"
Real,Berlin,Karl-Marx-Straße 231-235  12055 Berlin Germany,+49 (30) 682816,+49 (30) 682817800,"52,468806524066 13,4436324248"
Real,Querfurt,Nebraer Tor 5  06268 Querfurt Germany,+49 (34771) 73050,+49 (34771) 7305800,"51,373366361227 11,602821421018"
Real,Heidenau,Hauptstraße 3  01809 Heidenau Germany,+49 (3529) 556500,+49 (3529) 556800,"50,977366188174 13,85569145385"
Real,Kritzow,Karpendiek 3  23970 Kritzow Germany,+49 (3841) 2622100,+49 (3841) 2622800,"53,892018487193 11,530858755587"
Real,Mülheim a. d. Ruhr,Heifeskamp 6  45475 Mülheim a. d. Ruhr Germany,+49 (208) 4391210,+49 (208) 439121260,"51,45819505352 6,8850087397"
Real,Lübeck,Alexander-Fleming-Str. 1  23562 Lübeck Germany,+49 (451) 2905780,+49 (451) 290578200,"53,831703401236 10,690230535152"
Real,Wolfsburg,Brandgehäge 9  38444 Wolfsburg Germany,+49 (5308) 404630,+49 (5308) 40463119,"52,370768509069 10,725112951522"
Real,Mutterstadt,An der Fohlenweide 21  67112 Mutterstadt Germany,+49 (6234) 94780,+49 (6234) 9478190,"49,423442880114 8,364757200929"
Real,Edingen-Neckarhausen,Rosenstr. 70  68535 Edingen-Neckarhausen Germany,+49 (621) 4802890,+49 (621) 4814141,"49,453127676298 8,58825337349"
Real,Saarbrücken,Fischbachstr. 121  66125 Saarbrücken Germany,+49 (6897) 952890,+49 (6897) 972981,"49,289900789591 7,026500938497"
Real,Trier,Gottbillstraße 12-18  54294 Trier Germany,+49 (651) 170990,+49 (651) 17099200,"49,72943343091 6,599951067949"
Real,Sinzheim,Industriestr. 22  76547 Sinzheim Germany,+49 (7221) 504390,+49 (7221) 5043990,"48,776314588018 8,176932341907"
Real,Dettingen,Im Schwöllbogen 19  72581 Dettingen Germany,+49 (7123) 72660,+49 (7123) 72729,"48,531278543367 9,329506048676"
Real,Tuttlingen,Rudolf-Diesel-Str. 28  78532 Tuttlingen Germany,+49 (7461) 17970,+49 (7461) 179779,"47,995735209435 8,830271647203"
Real,Kirchentellinsfurt,Wannweiler Str. 77  72138 Kirchentellinsfurt Germany,+49 (7121) 2419190,+49 (7121) 241919205,"48,52644996898 9,14409004127"
Real,Wittlich,Justus-v.-Liebig-Str.  54516 Wittlich Germany,+49 (6571) 97220,+49 (6571) 20674,"49,981196976007 6,908365043972"
Real,Böblingen,Röhrer Weg 15+18  71032 Böblingen Germany,+49 (7031) 722510,+49 (7031) 278464,"48,671998953208 9,014702111777"
Real,Tübingen,Alte Landstraße 45  72072 Tübingen Germany,+49 (7071) 7580,+49 (7071) 758230,"48,496228207721 9,02972540661"
Real,Balingen,Lange Straße 24  72336 Balingen Germany,+49 (7433) 34094,+49 (7433) 381261,"48,260576486404 8,849130031002"
Real,Horb am Neckar,Hahnerstraße 1  72160 Horb am Neckar Germany,+49 (7451) 55360,+49 (7451) 1653,"48,457725489863 8,698950008803"
Real,Kirchheim am Neckar,Max-Eyth-Str. 6  74366 Kirchheim am Neckar Germany,+49 (7143) 9021,+49 (7143) 93303,"49,034525948682 9,147868424548"
Real,Böblingen,Otto-Lilienthal-Strasse 24  71034 Böblingen Germany,+49 (7031) 632000,+49 (7031) 6320010,"48,685607371034 8,983895731105"
Real,Waiblingen,Ruhrstraße 5  71332 Waiblingen Germany,+49 (7151) 5690,+49 (7151) 569280,"48,817273924773 9,300374209613"
Real,Gerlingen,Weilimdorfer Straße 91  70839 Gerlingen Germany,+49 (7156) 20430,+49 (7156) 49345,"48,807488301727 9,076165567645"
Real,Oberndorf am Neckar,Friedrich-List-Straße 10  78727 Oberndorf am Neckar Germany,+49 (7423) 81080,+49 (7423) 810865,"48,296255967683 8,552101329062"
Real,Jettingen,Heilbergstraße 3  71131 Jettingen Germany,+49 (7452) 7430,+49 (7452) 743121,"48,573592414583 8,763781223294"
Real,Nürtingen,Eichendorffstraße 51  72622 Nürtingen Germany,+49 (7022) 25290,+49 (7022) 252920,"48,60710311606 9,349010727093"
Real,Heidenheim,Nattheimer Straße 100  89520 Heidenheim Germany,+49 (7321) 35060,+49 (7321) 350660,"48,70190655066 10,167614108824"
Real,Potsdam,Nuthestraße  14480 Potsdam Germany,+49 (331) 66960,+49 (331) 6696293,"52,371412289319 13,13656819953"
Real,Berlin,Badstraße 4  13357 Berlin Germany,+49 (30) 4930690,+49 (30) 493069290,"52,549822756718 13,390982015359"
Real,Düsseldorf,Schlüterstraße 3b  40235 Düsseldorf Germany,+49 (211) 1592610,+49 (211) 159261250,"51,237680774715 6,822659577901"
Real,Nienburg,Kräher Weg 1  31582 Nienburg Germany,+49 (5021) 91650,+49 (5021) 17489,"52,64214896938 9,225418756645"
Real,Hannover,Davenstedter Straße 80  30453 Hannover Germany,+49 (511) 9239930,+49 (511) 2123300,"52,36653545006 9,69847256316"
Real,Hermsdorf,Am Elbepark  39326 Hermsdorf Germany,+49 (39206) 6860,+49 (39206) 68619,"52,17768794825 11,481724518527"
Real,Braunschweig,Otto von Guericke-Straße 2  38122 Braunschweig Germany,+49 (531) 121970,+49 (531) 895856,"52,242782144745 10,511406422131"
Real,Stuhr,Proppstraße 164  28816 Stuhr Germany,+49 (4206) 41480,+49 (4206) 414819,"53,013140841529 8,705584518652"
Real,Isernhagen,Opelstraße 3-5  30916 Isernhagen Germany,+49 (511) 61580,+49 (511) 6151115,"52,423821396896 9,83458279939"
Real,Gifhorn,Eysselheideweg 5  38518 Gifhorn Germany,+49 (5371) 94790,+49 (5371) 947919,"52,461211138319 10,536963978676"
Real,Neumünster,Wasbeker Straße 330  24537 Neumünster Germany,+49 (4321) 96680,+49 (4321) 966819,"54,071372761819 9,939819846961"
Real,Ritterhude,Am Rosenhügel 5  27721 Ritterhude Germany,+49 (421) 636970,+49 (421) 6365689,"53,179793101566 8,70815990664"
Real,Bremen,Steinsetzer Str. 15  28279 Bremen Germany,+49 (421) 4270780,+49 (421) 831888,"53,046349875085 8,847557975332"
Real,Celle,An der Hasenbahn 3  29225 Celle Germany,+49 (5141) 951940,+49 (5141) 95194791,"52,606000763391 10,054921784426"
Real,Goslar,Gutenbergstraße 2  38640 Goslar Germany,+49 (5321) 38230,+49 (5321) 43401,"51,916656976118 10,448788360329"
Real,Oldenburg,Stubbenweg 27  26125 Oldenburg Germany,+49 (441) 933260,+49 (441) 3046576,"53,182906060864 8,228188855684"
Real,Hildesheim,Cheruskerring 26  31137 Hildesheim Germany,+49 (5121) 289810,+49 (5121) 28981199,"52,160030695233 9,941873945565"
Real,Uelzen,Fischerhofstraße 6  29525 Uelzen Germany,+49 (581) 16064,+49 (581) 72609,"52,987300353705 10,541575632546"
Real,Garbsen,Havelser Straße 10  30823 Garbsen Germany,+49 (5131) 497530,+49 (5131) 95533,"52,424736561091 9,59781764968"
Real,Lippstadt,Bökenförder Straße 181 - 183  59557 Lippstadt Germany,+49 (2941) 161215,+49 (2941) 14857,"51,664687152005 8,360934271523"
Real,Halle/Saale,Am Bruchsee  06122 Halle/Saale Germany,+49 (345) 470180,+49 (345) 4701819,"51,479856706913 11,919453426202"
Real,Helmstedt,Werner-v.-Siemens-Straße 3  38350 Helmstedt Germany,+49 (5351) 55350,+49 (5351) 553525,"52,241988249237 10,990905328553"
Real,Nordwalde,Wallgraben 12 - 14  48356 Nordwalde Germany,+49 (2573) 9260,+49 (2573) 1598,"52,078666380111 7,465146332586"
Real,Bremerhaven,Pferdebade 6  27580 Bremerhaven Germany,+49 (471) 984020,+49 (471) 86085,"53,571802387706 8,599324594511"
Real,Schiffdorf,Neufelder Weg  27619 Schiffdorf Germany,+49 (471) 984030,+49 (471) 801973,"53,583760165826 8,627387039679"
Real,Berlin,Am Treptower Park 14  12435 Berlin Germany,+49 (30) 5360790,+49 (30) 53607919,"52,490553750011 13,457824241305"
Real,Salzgitter,Schäferwiese 15  38239 Salzgitter Germany,+49 (5341) 267048,+49 (5341) 265802,"52,193523639536 10,457800434875"
Real,Weißenfels,Am Martkwege 2  06667 Weißenfels Germany,+49 (3443) 82080,+49 (3443) 801062,"51,184472290812 11,926498833158"
Real,Bergen auf Rügen,Ringstraße 140  18528 Bergen auf Rügen Germany,+49 (3838) 255720,+49 (3838) 255719,"54,422783058566 13,419861257047"
Real,Rangsdorf,Klein Kienitzer Straße 2  15834 Rangsdorf Germany,+49 (33708) 900000,+49 (33708) 9000069,"52,29861630644 13,458470497059"
Real,Rostock,Ostseeparkstraße 3  18069 Rostock Germany,+49 (381) 8002966,+49 (381) 8002969,"54,10630380375 12,031639534368"
Real,Neubrandenburg,Mirabellenstraße 2  17033 Neubrandenburg Germany,+49 (395) 369470,+49 (395) 3684903,"53,524374219071 13,266001978941"
Real,Greifswald,Anklamer Landstraße  17491 Greifswald Germany,+49 (3834) 820398,+49 (3834) 820397,"54,076878754696 13,430380968989"
Real,Bremen,Hans-Bredow-Straße 19  28307 Bremen Germany,+49 (421) 409610,+49 (421) 420172,"53,049655869195 8,956294657402"
Real,Göttingen,Große Breite 6  37077 Göttingen Germany,+49 (551) 31006,+49 (551) 31073,"51,560847240467 9,927184298645"
Real,Staßfurt,Hohenerxlebener Straße 50  39418 Staßfurt Germany,+49 (3925) 301020,+49 (3925) 301012,"51,851146840462 11,608312245473"
Real,Hameln,Pferdemarkt 1  31785 Hameln Germany,+49 (5151) 809370,+49 (5151) 80937299,"52,105138073164 9,354065433418"
Real,Schwerin,Grabenstraße 1  19061 Schwerin Germany,+49 (385) 614223,+49 (385) 614356,"53,599334080452 11,391133281008"
Real,Wernigerode,Dornbergsweg 43  38855 Wernigerode Germany,+49 (3943) 452834,+49 (3943) 45285,"51,851435850183 10,786631057702"
Real,Brandenburg,Brielower Landstraße 29  14772 Brandenburg Germany,+49 (3381) 700400,+49 (3381) 700401,"52,4321 12,5504"
Real,Finowfurt,An der B 167  16244 Finowfurt Germany,+49 (3335) 7111,+49 (3335) 7112,"52,839075225195 13,697113724056"
Real,Peißen,Saarbrücker Str. 1  06188 Peißen Germany,+49 (345) 5600544,+49 (345) 5600532,"51,5128 12,0498"
Real,Teltow,Oderstraße 29  14513 Teltow Germany,+49 (3328) 33250,+49 (3328) 332579,"52,40392703855 13,249480889081"
Real,Gosen,Am Müggelpark 10 - 12  15537 Gosen Germany,+49 (3362) 8250,+49 (3362) 825113,"52,395868451268 13,717633687245"
Real,Schwedt,Landgrabenpark 1  16303 Schwedt Germany,+49 (3332) 4450,+49 (3332) 413557,"53,065748035726 14,273649381891"
Real,Leipzig,Miltitzer Straße  04178 Leipzig Germany,+49 (341) 94533,+49 (341) 9453466,"51,347915340054 12,266646029561"
Real,Wildau,Chausseestraße 1  15745 Wildau Germany,+49 (3375) 504663,+49 (3375) 504666,"52,314612691141 13,609070384709"
Real,Cuxhaven,Konrad-Adenauer-Allee  27472 Cuxhaven Germany,+49 (4721) 39450,+49 (4721) 394519,"53,861767647686 8,704982156213"
Real,Neuruppin,Nordring 25  16816 Neuruppin Germany,+49 (3391) 68460,+49 (3391) 684619,"52,940742337345 12,810966553206"
Real,Erfurt,Hermsdorfer Straße 4  99099 Erfurt Germany,+49 (361) 374380,+49 (361) 3456531,"50,970591908388 11,059984695617"
Real,Flensburg,Schleswiger Straße 130  24941 Flensburg Germany,+49 (461) 902820,+49 (461) 979553,"54,761478483627 9,431798376657"
Real,Hemmingen,Alfred-Bentz-Straße 1  30966 Hemmingen Germany,+49 (511) 7682290,+49 (511) 76822625,"52,315572935563 9,722960063901"
Real,Berlin,Klosterstraße 3  13581 Berlin Germany,+49 (30) 3393860,+49 (30) 33938619,"52,533771915189 13,197219067364"
Real,Traunstein,Haslacher Feld 5  83278 Traunstein Germany,+49 (861) 986430,+49 (861) 2809,"47,854073729092 12,62871031403"
Real,Ansbach,Residenz Straße 2-4  91522 Ansbach Germany,+49 (981) 48720,+49 (981) 4872409,"49,305552835785 10,568088266689"
Real,Deggendorf,Graflinger Straße 121  94469 Deggendorf Germany,+49 (991) 290150,+49 (991) 284134,"48,850418807867 12,957210261255"
Real,Königsbrunn,Föllstraße 20  86343 Königsbrunn Germany,+49 (8231) 96930,+49 (8231) 9693205,"48,292189840995 10,889443857216"
Real,Augsburg,Reichenberger Straße 59  86161 Augsburg Germany,+49 (821) 567090,+49 (821) 5670919,"48,364559352936 10,928119495701"
Real,Nürnberg,Äußere Bayreuther Straße 80  90491 Nürnberg Germany,+49 (911) 627760,+49 (911) 6277626,"49,469787687893 11,101716111959"
Real,Zwiesel,Alte Langdorfer Straße 15  94227 Zwiesel Germany,+49 (9922) 60014,+49 (9922) 60522,"49,010618714708 13,216733177192"
Real,Dörfles-Esbach,Coburger Straße 2  96487 Dörfles-Esbach Germany,+49 (9561) 23070,+49 (9561) 230744,"50,279481971572 10,98941847283"
Real,Kulmbach,Albert-Ruckdeschel-Straße 16  95326 Kulmbach Germany,+49 (9221) 82830,+49 (9221) 828344,"50,111582157879 11,456358106563"
Real,Bayreuth,Riedingerstraße 21  95448 Bayreuth Germany,+49 (921) 789850,+49 (921) 7898585,"49,960529151448 11,603099323915"
Real,Nürnberg,Virnsberger Straße 2 - 4  90431 Nürnberg Germany,+49 (911) 609920,+49 (911) 60992232,"49,441907170192 11,016776765572"
Real,Regensburg,Donaustaufer Straße 128  93059 Regensburg Germany,+49 (941) 465010,+49 (941) 48913,"49,028125699252 12,121406401516"
Real,Pentling,Hölkeringer Straße 20  93080 Pentling Germany,+49 (941) 91070,+49 (941) 947557,"48,979625670491 12,065084"
Real,Straubing,Ittlinger Straße 224  94315 Straubing Germany,+49 (9421) 78430,+49 (9421) 784328,"48,883937668351 12,613373555627"
Real,Amberg,Fuggerstraße 4  92224 Amberg Germany,+49 (9621) 49400,+49 (9621) 31906,"49,443747929314 11,839611554608"
Real,Hallstadt,Emil-Kemmer-Straße 2  96103 Hallstadt Germany,+49 (951) 519440,+49 (951) 5194455,"49,914692513572 10,863946343992"
Real,Bayreuth,Karl-von-Linde-Straße 6  95447 Bayreuth Germany,+49 (921) 764250,+49 (921) 7642555,"49,931804820353 11,560272644992"
Real,Kempten/Allgäu,Im Allmey 1  87435 Kempten/Allgäu Germany,+49 (831) 581110,+49 (831) 85328,"47,711597690792 10,290119603025"
Real,Landshut,Alte Regensburger Str. 21  84030 Landshut Germany,+49 (871) 973740,+49 (871) 74820,"48,552588108529 12,162132462516"
Real,Passau,Holzmannstraße 52  94036 Passau Germany,+49 (851) 966630,+49 (851) /9666323,"48,57546193686 13,402424787354"
Real,Ostfildern,Bonhoeffer Straße 1  73760 Ostfildern Germany,+49 (711) 3401920,+49 (711) 34019250,"48,721014858556 9,270738772925"
Real,Neumarkt,Dreichlinger Str. 1  92318 Neumarkt Germany,+49 (9181) 299372,+49 (9181) 23914,"49,274978151053 11,453004000008"
Real,Neustadt,Karl-Eibl-Straße 50a  91413 Neustadt Germany,+49 (9161) 89680,+49 (9161) 60727,"49,578409102664 10,583179283823"
Real,Kronach,Weissenbrunner Straße 20a  96317 Kronach Germany,+49 (9261) 628210,+49 (9261) 950459,"50,226794501289 11,317847117632"
Real,Weiden,Neustädter Straße 22  92637 Weiden Germany,+49 (961) 401730,+49 (961) 4017320,"49,694505754445 12,162646298687"
Real,Bamberg,Kirschäckerstr. 11  96052 Bamberg Germany,+49 (951) 9320040,+49 (951) 93200438,"49,911750736959 10,906077216232"
Real,Pocking,Passauer Straße 56  94060 Pocking Germany,+49 (8531) 913881,+49 (8531) 913883,"48,406073286563 13,319378559725"
Real,Pfarrkirchen,Franz-Stelzenberger-Straße 1  84347 Pfarrkirchen Germany,+49 (8561) 3010,+49 (8561) 301122,"48,417548301034 12,942378395933"
Real,München,Margot-Kalinke-Straße 4  80939 München Germany,+49 (89) 318810,+49 (89) 31881112,"48,194607402286 11,597792403826"
Real,Schwabach,Am Falbenholzweg  91126 Schwabach Germany,+49 (9122) 7920,+49 (9122) 792141,"49,323342805933 11,051632437993"
Real,Dortmund,Schleefstraße 15  44287 Dortmund Germany,+49 (231) 444740,+49 (231) 441786,"51,505661506264 7,569719064084"
Real,Freiburg,St. Georgener Str. 2  79111 Freiburg Germany,+49 (761) 45160,+49 (761) 471803,"47,987024449688 7,798051773727"
Real,Bruchsal,Stuttgarter Straße 10  76646 Bruchsal Germany,+49 (7251) 9520,+49 (7251) 5843,"49,094701762656 8,641348298799"
Real,Ettlingen,Zehntwiesen Str. 47  76275 Ettlingen Germany,+49 (7243) 5730,+49 (7243) 573222,"48,945510184793 8,389457594679"
Real,Germersheim,Mainzer Straße 6  76726 Germersheim Germany,+49 (7274) 9620,+49 (7274) 962130,"49,229668820151 8,36703721526"
Real,Filderstadt,Plieninger Straße 63D  70794 Filderstadt Germany,+49 (711) 700260,+49 (711) 70026111,"48,684625003672 9,217582940982"
Real,Villingen-Schwenningen,Neuer Markt 1  78052 Villingen-Schwenningen Germany,+49 (7721) 99160,+49 (7721) 991619,"48,082000815333 8,499841"
Real,Saarbrücken,Breslauer Straße 1 a  66121 Saarbrücken Germany,+49 (681) 839070,+49 (681) 83907125,"49,2281 7,03524"
Real,Saarlouis,Carl-Zeiss-Straße 2  66740 Saarlouis Germany,+49 (6831) 89050,+49 (6831) 88814,"49,343411680721 6,740827340659"
Real,Aschaffenburg,Horchstraße 120  63741 Aschaffenburg Germany,+49 (6021) 386980,+49 (6021) 3869840,"49,980859847711 9,115973139252"
Real,Frankenthal,Frankenthaler Straße 67  67227 Frankenthal Germany,+49 (6233) 4581,+49 (6233) 47467,"49,510818171304 8,357339753513"
Real,Rastatt,Rauentaler Straße  76437 Rastatt Germany,+49 (7222) 59070,+49 (7222) 5907110,"48,860794287567 8,235771850479"
Real,Lahr,Offenburger Straße 11  77933 Lahr Germany,+49 (7821) 90720,+49 (7821) 907272,"48,3449997194 7,841213353622"
Real,Bielefeld,Schweriner Str. 4  33605 Bielefeld Germany,+49 (521) 2850650,+49 (521) 297480,"52,007500356936 8,563650751146"
Real,Castrop-Rauxel,Siemensstr. 10  44579 Castrop-Rauxel Germany,+49 (2305) 9810,+49 (2305) 86773,"51,581027627756 7,307647004391"
Real,Gelsenkirchen,Emscher Straße 37  45891 Gelsenkirchen Germany,+49 (209) 70720,+49 (209) 7901776,"51,545648475786 7,076458594393"
Real,Jülich,An der Leimkaul 1  52428 Jülich Germany,+49 (2461) 4026,+49 (2461) 58895,"50,927188549746 6,371739162952"
Real,Dortmund,Deutsche Straße 4  44339 Dortmund Germany,+49 (231) 9851590,+49 (231) 9851920,"51,547715428163 7,462963057371"
Real,Viersen,Kanalstr. 51 - 55  41748 Viersen Germany,+49 (2162) 16037,+49 (2162) 32299,"51,261298021363 6,404975703647"
Real,Bochum,Hauptstraße 212  44892 Bochum Germany,+49 (234) 92150,+49 (234) 9215205,"51,471552890042 7,323528685568"
Real,Heiligenhaus,Velberter Straße 38 - 44  42579 Heiligenhaus Germany,+49 (2056) 9740,+49 (2056) 974207,"51,329039306875 6,993121179066"
Real,Bielefeld,Teutoburger Straße 98  33607 Bielefeld Germany,+49 (521) 96250,+49 (521) 9625205,"52,019051641905 8,544482260818"
Real,Hagen,Vollbrinkstr. 9  58135 Hagen Germany,+49 (2331) 788500,+49 (2331) 7885028,"51,345095240845 7,423998138781"
Real,Eschweiler,Auerbachstraße 10  52249 Eschweiler Germany,+49 (2403) 7050,+49 (2403) 70536,"50,824808488151 6,25229076885"
Real,Köln,Gremberger Straße 200  51105 Köln Germany,+49 (221) 1679750,+49 (221) 167975200,"50,925775264789 7,007116649439"
Real,Köln,Weißhausstraße 20-30  50939 Köln Germany,+49 (221) 9420080,+49 (221) 94200845,"50,919323845751 6,93662894322"
Real,Düren,Am Ellernbusch 22  52355 Düren Germany,+49 (2421) 208580,+49 (2421) 2085820,"50,794544743407 6,467823681587"
Real,Erftstadt,Gustav-Heinemann Str 2  50374 Erftstadt Germany,+49 (2235) 92500,+49 (2235) 925032,"50,802080718629 6,813688367171"
Real,Bocholt,Welfenstraße 21  46395 Bocholt Germany,+49 (2871) 2803,+49 (2871) 280505,"51,830944396499 6,610646787668"
Real,Hemer,Urbecker Straße 127  58675 Hemer Germany,+49 (2372) 92780,+49 (2372) 14973,"51,395759502029 7,77762295001"
Real,Detmold,Klingenbergstraße 31  32758 Detmold Germany,+49 (5231) 9120,+49 (5231) 912205,"51,953009841412 8,857001246032"
Real,Herten,Hoppenwall 1  45701 Herten Germany,+49 (209) 96140,+49 (209) 9614205,"51,618216500953 7,079160071436"
Real,Wesel,Rudolf-Diesel-Str. 7  46485 Wesel Germany,+49 (281) 98510,+49 (281) 530917,"51,663976138464 6,665651070215"
Real,Moers,Römerstr. 570  47443 Moers Germany,+49 (2841) 9560,+49 (2841) 956205,"51,45496130871 6,658209214881"
Real,Bochum,Ottostraße 40-43  44867 Bochum Germany,+49 (2327) 3050,+49 (2327) 305205,"51,472021795697 7,119552077517"
Real,Wuppertal,Dieselstraße 20  42389 Wuppertal Germany,+49 (202) 260390,+49 (202) 2603979,"51,280555103263 7,268435290415"
Real,Hamburg,Grandkuhlenweg 11  22549 Hamburg Germany,+49 (40) 833810,+49 (40) 83381205,"53,58486 9,86936"
Real,Schwentinental,Mergenthalerstraße 13 - 21  24223 Schwentinental Germany,+49 (4307) 8130,+49 (4307) 7346,"54,287431411877 10,218838637225"
Real,Rendsburg,Schleswiger Chaussee 249-257  24768 Rendsburg Germany,+49 (4331) 4653,+49 (4331) 41768,"54,327089501693 9,625911406471"
Real,Schleswig,Flensburger Straße 61  24837 Schleswig Germany,+49 (4621) 98420,+49 (4621) 21229,"54,529599805092 9,527041652653"
Real,Herne,Am Großmarkt  4  44653 Herne Germany,+49 (2323) 9280,+49 (2323) 928248,"51,540485075124 7,191213889289"
Real,Düsseldorf,Friedrichstraße  152  40217 Düsseldorf Germany,+49 (211) 934130,+49 (211) 93413207,"51,208945590671 6,77876056084"
Real,Krefeld,Hafelsstraße 200  47809 Krefeld Germany,+49 (2151) 5180,+49 (2151) 951678,"51,321874295392 6,59985138544"
Real,Mönchengladbach,Krefelder Straße 131  41063 Mönchengladbach Germany,+49 (2161) 9256,+49 (2161) 925729,"51,208043706918 6,460795661304"
Real,Paderborn,Husener Straße 121  33100 Paderborn Germany,+49 (5251) 689080,+49 (5251) 66171,"51,703013265175 8,768824591665"
Real,Dülmen,Auf dem Quellberg 16  48249 Dülmen Germany,+49 (2594) 5071,+49 (2594) 86349,"51,842555808873 7,294547073401"
Real,Neuss,Breslauer Straße 2  41460 Neuss Germany,+49 (2131) 1520,+49 (2131) 152205,"51,200607042361 6,718553834109"
Real,St. Augustin,Rathausallee 16  53757 St. Augustin Germany,+49 (2241) 8850,+49 (2241) 885205,"50,778157105658 7,186707660334"
Real,Duisburg,Berliner Straße 90  47138 Duisburg Germany,+49 (203) 429030,+49 (203) 42903205,"51,48070283164 6,81124886634"
Real,Tönisvorst,Höhenhöfe 19  47918 Tönisvorst Germany,+49 (2151) 624080,+49 (2151) 62408222,"51,316584690947 6,473393105959"
Real,Mönchengladbach,Krefelder Straße 643  41066 Mönchengladbach Germany,+49 (2161) 693600,+49 (2161) 693807,"51,224668632112 6,481954072324"
Real,Kamp-Lintfort,Moerser Straße 221  47475 Kamp-Lintfort Germany,+49 (2842) 5592740,+49 (2842) 559274205,"51,504823107422 6,543568222805"
Real,Dinslaken,Thyssenstraße 70  46535 Dinslaken Germany,+49 (2064) 43460,+49 (2064) 434620,"51,559991647859 6,744846458242"
Real,Bedburg,Bahnstraße 15  50181 Bedburg Germany,+49 (2272) 99960,+49 (2272) 999619,"50,988495480994 6,575187750814"
Real,Menden,Bösperder Weg 43  58710 Menden Germany,+49 (2373) 3761,+49 (2373) 1351,"51,458894621494 7,77862888437"
Real,Mönchengladbach,Moses-Stern-Str./Limitenstraße  41236 Mönchengladbach Germany,+49 (2166) 147840,+49 (2166) 14784220,"51,162827622511 6,444877145399"
Real,Euskirchen,Narzissenweg 25  53881 Euskirchen Germany,+49 (2251) 14990,+49 (2251) 149979,"50,645624851939 6,802968089016"
Real,Düren,Heerweg 99  52353 Düren Germany,+49 (2421) 33031,+49 (2421) 36974,"50,82175815223 6,485621244386"
Real,Heinsberg,Humboldtstraße 26  52525 Heinsberg Germany,+49 (2452) 91320,+49 (2452) 913220,"51,069428896253 6,109976760357"
Real,Krefeld,Mevissenstraße 60  47803 Krefeld Germany,+49 (2151) 769680,+49 (2151) 7696819,"51,345702621229 6,532311764434"
Real,Aachen,Breslauer Straße 35  52068 Aachen Germany,+49 (241) 949960,+49 (241) 9499620,"50,783411254703 6,125129877635"
Real,Neuss,Bataverstraße 93  41462 Neuss Germany,+49 (2131) 22840,+49 (2131) 228420,"51,231339969365 6,685061553403"
Real,Ratingen,An der Hoffnung 125  40885 Ratingen Germany,+49 (2102) 167760,+49 (2102) 16776260,"51,359008555373 6,865727362423"
Real,Mülheim a. d. Ruhr,Weselerstraße 30-40  45478 Mülheim a. d. Ruhr Germany,+49 (208) 589620,+49 (208) 5896220,"51,430910084236 6,859000823204"
Real,Hamm,Münsterstraße 183  59073 Hamm Germany,+49 (2381) 309050,+49 (2381) 3090520,"51,702251320099 7,799855620249"
Real,Hamburg,Berner Heerweg 173-175  22159 Hamburg Germany,+49 (40) 6430027,+49 (40) 6452296,"53,605643950333 10,118293979821"
Real,Braunschweig,Hamburger Straße 250  38114 Braunschweig Germany,+49 (531) 237750,+49 (531) 23775500,"52,282842896496 10,520302266792"
Real,Düsseldorf,Schießstraße 31  40549 Düsseldorf Germany,+49 (211) 593011,+49 (211) 592741,"51,237580320198 6,71974877603"
Real,Hürth,Theresienhöhe  50354 Hürth Germany,+49 (2233) 97900,+49 (2233) 979019,"50,879413429014 6,873435137058"
Real,Heiligenroth,Industriestraße 11  56412 Heiligenroth Germany,+49 (2602) 4050,+49 (2602) 16574,"50,451080490393 7,852644456157"
Real,Bochum,Riemker Str. 13  44809 Bochum Germany,+49 (234) 955420,+49 (234) 95542666,"51,50744695712 7,193184329014"
Real,Mönchengladbach,Reyerhütte 1  41065 Mönchengladbach Germany,+49 (2161) 496920,+49 (2161) 4969220,"51,192973503822 6,460066099208"
Real,Osnabrück,Carl-Fischer-Straße 1  49084 Osnabrück Germany,+49 (541) 770000,+49 (541) 7700020,"52,270156793497 8,081166931216"
Real,Bielefeld,Gütersloher Straße 122  33649 Bielefeld Germany,+49 (521) 449044,+49 (521) 446106,"51,987164510903 8,485813915176"
Real,Espelkamp,General-Bishop Straße 10  32339 Espelkamp Germany,+49 (5772) 97700,+49 (5772) 977020,"52,388070885605 8,626144261813"
Real,Henstedt-Ulzburg,Gutenbergstraße 7  24558 Henstedt-Ulzburg Germany,+49 (4193) 90160,+49 (4193) 901620,"53,801460535663 9,981702826497"
Real,Hagen,Kabeler Straße 25  58099 Hagen Germany,+49 (2331) 473310,+49 (2331) 4733166,"51,408595915376 7,474938150581"
Real,Coesfeld,Dülmener Straße 39  48653 Coesfeld Germany,+49 (2541) 5051,+49 (2541) 2554,"51,935245448409 7,171083393686"
Real,Moers,Hülsdonker Straße 86  47441 Moers Germany,+49 (2841) 9999130,+49 (2841) 9999144,"51,452068287313 6,612502083949"
Real,Rhede,Gronauer Straße 21  46414 Rhede Germany,+49 (2872) 93200,+49 (2872) 932065,"51,850614579268 6,696467647452"
Real,Rees,Grüttweg 42-46  46459 Rees Germany,+49 (2851) 10014,+49 (2851) 2992,"51,76739202785 6,381656866383"
Real,Remscheid,Alleestraße 74  42853 Remscheid Germany,+49 (2191) 29007,+49 (2191) 27857,"51,182996286733 7,187744068841"
Real,Brakel,Warburgerstraße 38  33034 Brakel Germany,+49 (5272) 39430,+49 (5272) 394369,"51,706956432067 9,177939971823"
Real,Duisburg,Buscher Straße 66  47269 Duisburg Germany,+49 (203) 710160,+49 (203) 7101669,"51,362753485636 6,769622512762"
Real,Gütersloh,Am Anger 22  33332 Gütersloh Germany,+49 (5241) 743440,+49 (5241) 7434411,"51,899883584536 8,401691146892"
Real,Rheine,Lingener Straße 19  48429 Rheine Germany,+49 (5971) 807060,+49 (5971) 8070666,"52,282846323508 7,439535798374"
Real,Papenburg,Deverweg 13  26871 Papenburg Germany,+49 (4961) 5074,+49 (4961) 6516,"53,083801207298 7,387446539673"
Real,Übach-Palenberg,Boschstraße 4  52531 Übach-Palenberg Germany,+49 (2451) 93010,+49 (2451) 930120,"50,921052732057 6,135685728076"
Real,Grevenbroich,Am Rittergut 1  41515 Grevenbroich Germany,+49 (2181) 756760,+49 (2181) 7567655,"51,10847721108 6,57896800603"
Real,Langenfeld,Rheindorfer Straße 48-56  40764 Langenfeld Germany,+49 (2173) 394963,+49 (2173) 3949685,"51,09661965773 6,951838395087"
Real,Monschau,Industriestr. 8  52156 Monschau Germany,+49 (2472) 3071,+49 (2472) 2825,"50,576157751601 6,267424688319"
Real,Blankenburg,Lerchenbreite 5 e  38889 Blankenburg Germany,+49 (3944) 61000,+49 (3944) 61019,"51,80738 10,93996"
Real,Erfurt,Gothaer Straße 22  99094 Erfurt Germany,+49 (361) 220330,+49 (361) 2255253,"50,961101965432 10,985910249293"
Real,Falkensee,Barkhausenstraße 66  14612 Falkensee Germany,+49 (3322) 25190,+49 (3322) 251920,"52,556012560805 13,095206102088"
Real,Berlin,Frankfurter Allee 113-117  10365 Berlin Germany,+49 (30) 5577000,+49 (30) 55770020,"52,514387399576 13,476765195476"
Real,Bannewitz,An der Zschauke 4  01728 Bannewitz Germany,+49 (351) 4015490,+49 (351) 4015492,"51,000403964112 13,720612401038"
Real,Gotha,Schubertstraße 20  99867 Gotha Germany,+49 (3621) 71200,+49 (3621) 712020,"50,941994111411 10,676814303331"
Real,Weimar,Landhausallee 7  99441 Weimar Germany,+49 (3643) 24700,+49 (3643) 247054,"50,982646362628 11,383453662555"
Real,Bitterfeld,Anhaltstraße 74  06749 Bitterfeld Germany,+49 (3493) 510610,+49 (3493) 5106150,"51,640328816737 12,310348621154"
Real,Stralsund,Gustower Weg 3  18439 Stralsund Germany,+49 (3831) 270803,+49 (3831) 270966,"54,271932611929 13,113592305557"
Real,Kolkwitz,Berliner Str. 114  03099 Kolkwitz Germany,+49 (355) 780540,+49 (355) 7805420,"51,752196516529 14,261478293803"
Real,Frankfurt/Oder,Messering 10  15234 Frankfurt/Oder Germany,+49 (335) 414050,+49 (335) 4140520,"52,340177045434 14,503951760556"
Real,Riesa,Riesapark 4  01587 Riesa Germany,+49 (3525) 51210,+49 (3525) 740520,"51,29810199404 13,264483930387"
Real,Parchim,Ziegendorfer Chaussee  19370 Parchim Germany,+49 (3871) 60230,+49 (3871) 602399,"53,418135907508 11,822514636889"
Real,Alzey,Karl-Heinz-Kipp-Straße 23  55232 Alzey Germany,+49 (6731) 4040,+49 (6731) 43096,"49,746060802134 8,138302578543"
Real,Eschborn,Ginnheimer Straße 18  65760 Eschborn Germany,+49 (6196) 4760,+49 (6196) 482100,"50,142477878991 8,581428068781"
Real,Haßloch,Hans-Böckler-Straße 42  67454 Haßloch Germany,+49 (6324) 5980,+49 (6324) 80867,"49,34843673259 8,243795278726"
Real,Mainz,Haifa-Allee 1  55128 Mainz Germany,+49 (6131) 3600,+49 (6131) 361881,"49,967639185551 8,227890183864"
Real,Mülheim-Kärlich,Industriestraße 4  56218 Mülheim-Kärlich Germany,+49 (261) 2850,+49 (261) 26278,"50,395214906243 7,535505601267"
Real,Göttingen,Am Kauf Park  37079 Göttingen Germany,+49 (551) 999070,+49 (551) 9990710,"51,528985036734 9,880995457682"
Real,Walbeck,Kämmritzer Weg 20  06333 Walbeck Germany,+49 (34768) 51156,+49 (34768) 51191,"51,655187121146 11,487612226451"
Real,Pritzwalk,Rostocker Str. 2  16928 Pritzwalk Germany,+49 (3395) 306600,+49 (3395) 306028,"53,15827881 12,17140501"
Real,Oldenburg,Alter Postweg 125  26133 Oldenburg Germany,+49 (441) 9490723,+49 (441) 9490725,"53,102537060945 8,211165722916"
Real,Kassel,Franzgraben 40 - 42  34125 Kassel Germany,+49 (561) 87960,+49 (561) 871823,"51,321040778527 9,518238070816"
